name,datetime,tempmax,tempmin,temp,feelslikemax,feelslikemin,feelslike,dew,humidity,precip,precipprob,precipcover,preciptype,snow,snowdepth,windgust,windspeed,winddir,sealevelpressure,cloudcover,visibility,solarradiation,solarenergy,uvindex,severerisk,sunrise,sunset,moonphase,conditions,description,icon,stations
Matto Grosso,2021-06-01,19,13,15.1,19,13,15.1,8.1,63.89,0,,0,,,,,22.4,325.3,1009.3,83.7,10.6,,,0,,2021-06-01T07:43:55,2021-06-01T17:41:34,0.71,Partially cloudy,Partly cloudy throughout the day.,partly-cloudy-day,"SUAA,86580099999,SUMU,86550199999,86585099999,86575099999"
Matto Grosso,2021-06-02,14,9.3,12.2,14,9.3,12.2,9.4,83.33,0.01,,4.17,,,,,20.1,258.7,1012.7,52.2,11.6,,,0,,2021-06-02T07:44:31,2021-06-02T17:41:18,0.76,"Rain, Partially cloudy",Clearing in the afternoon with morning rain.,rain,"SUAA,86580099999,SUMU,86550199999,86585099999,86575099999"
Matto Grosso,2021-06-03,17.1,5.3,10.9,17.1,3.7,10.8,6.6,76.76,0,,0,,,,,24.1,177.4,1015.8,48.9,11.4,,,0,,2021-06-03T07:45:05,2021-06-03T17:41:04,0.81,Partially cloudy,Partly cloudy throughout the day.,partly-cloudy-day,"SUAA,86580099999,SUMU,86550199999,86585099999,86575099999"
Matto Grosso,2021-06-04,18.7,13,16,18.7,13,16,12.9,82.51,24,,4.17,,,,,18,230,1010.8,73.7,9.3,,,0,,2021-06-04T07:45:39,2021-06-04T17:40:51,0.86,"Rain, Partially cloudy",Partly cloudy throughout the day with late afternoon rain.,rain,"SUAA,86580099999,SUMU,86550199999,86585099999,86575099999"
Matto Grosso,2021-06-05,14.4,9,13,14.4,9,13,12.2,95.08,43.38,,12.5,,,9,,24.2,184.1,1013.3,81.8,7.2,,,0,,2021-06-05T07:46:12,2021-06-05T17:40:41,0.9,"Rain, Partially cloudy",Partly cloudy throughout the day with a chance of rain throughout the day.,rain,"SUAA,86580099999,SUMU,86550199999,86585099999,86575099999"
Matto Grosso,2021-06-06,13.8,6.9,10.4,13.8,6.9,10.4,7.7,84.36,0,,0,,,0,,16.4,164.4,1022,37.1,10.5,,,0,,2021-06-06T07:46:44,2021-06-06T17:40:31,0.94,Partially cloudy,Becoming cloudy in the afternoon.,partly-cloudy-day,"SUAA,86580099999,SUMU,86550199999,86585099999,86575099999"
Matto Grosso,2021-06-07,15.9,5.1,10.7,15.9,2.6,10.4,8.3,86.26,0,,0,,,,,20.2,84.2,1023.2,59.5,10.7,,,0,,2021-06-07T07:47:14,2021-06-07T17:40:23,0.97,Partially cloudy,Partly cloudy throughout the day.,partly-cloudy-day,"SUAA,86580099999,SUMU,86550199999,86585099999,86575099999"
Matto Grosso,2021-06-08,17.2,10.1,14,17.2,10.1,14,11.5,85.29,0,,0,,,,,20.9,60.6,1021.4,83.8,10.6,,,0,,2021-06-08T07:47:44,2021-06-08T17:40:17,0.99,Partially cloudy,Partly cloudy throughout the day.,partly-cloudy-day,"SUAA,86580099999,SUMU,86550199999,86585099999,86575099999"
Matto Grosso,2021-06-09,18.4,15,16.7,18.4,15,16.7,14.5,86.78,1,,4.17,,,,,24.9,54.2,1019.4,91,11.2,,,0,,2021-06-09T07:48:13,2021-06-09T17:40:13,1,"Rain, Overcast",Cloudy skies throughout the day with late afternoon rain.,rain,"SUAA,86580099999,SUMU,86550199999,86585099999,86575099999"
Matto Grosso,2021-06-10,16.1,11.9,14.4,16.1,11.9,14.4,13.3,93.29,0.01,,4.17,,,0,,21.8,200.7,1017.8,72.1,6.6,,,0,,2021-06-10T07:48:40,2021-06-10T17:40:10,0,"Rain, Partially cloudy",Partly cloudy throughout the day with morning rain.,rain,"SUAA,86580099999,SUMU,86550199999,86585099999,86575099999"
Matto Grosso,2021-06-11,12.7,9.3,10.9,12.7,7.2,10.5,3.9,62.13,0,,0,,,,,22.1,262,1019.7,48.2,12.1,,,0,,2021-06-11T07:49:07,2021-06-11T17:40:08,0.01,Partially cloudy,Partly cloudy throughout the day.,partly-cloudy-day,"SUAA,86580099999,SUMU,86550199999,86585099999,86575099999"
Matto Grosso,2021-06-12,20.9,8,13.8,20.9,6,13.3,8.8,72.48,0,,0,,,,,18.9,313.2,1015.8,16.2,11.9,,,0,,2021-06-12T07:49:32,2021-06-12T17:40:08,0.02,Clear,Clear conditions throughout the day.,clear-day,"SUAA,86580099999,SUMU,86550199999,86585099999,86575099999"
Matto Grosso,2021-06-13,20.4,11.2,15.5,20.4,11.2,15.5,12.4,82.59,0,,0,,,,,20.6,194.7,1017.8,0.2,11.4,,,0,,2021-06-13T07:49:56,2021-06-13T17:40:10,0.04,Clear,Clear conditions throughout the day.,clear-day,"SUAA,86580099999,SUMU,86550199999,86585099999,86575099999"
Matto Grosso,2021-06-14,17,9.2,13,17,8.4,13,9.8,81.37,0,,0,,,,,22.5,197.1,1019.6,42.6,10.6,,,0,,2021-06-14T07:50:19,2021-06-14T17:40:13,0.08,Partially cloudy,Partly cloudy throughout the day.,partly-cloudy-day,"SUAA,86580099999,SUMU,86550199999,86585099999,86575099999"
Matto Grosso,2021-06-15,12.4,8,10.6,12.4,6.5,10.1,5.8,72.54,0,,0,,,,,24.5,206,1026.6,41.8,12.3,,,0,,2021-06-15T07:50:40,2021-06-15T17:40:18,0.12,Partially cloudy,Partly cloudy throughout the day.,partly-cloudy-day,"SUAA,86580099999,SUMU,86550199999,86585099999,86575099999"
Matto Grosso,2021-06-16,11.8,8.4,9.8,11.8,6.1,8.9,3.4,64.38,0,,0,,,,,22.2,179.1,1028.8,76,11.6,,,0,,2021-06-16T07:51:00,2021-06-16T17:40:24,0.16,Partially cloudy,Partly cloudy throughout the day.,partly-cloudy-day,"SUAA,86580099999,SUMU,86550199999,86585099999,86575099999"
Matto Grosso,2021-06-17,11.1,6.2,9.2,11.1,6.2,8.7,3.3,66.75,0,,0,,,,,18.7,165,1029,61,12,,,0,,2021-06-17T07:51:19,2021-06-17T17:40:32,0.21,Partially cloudy,Partly cloudy throughout the day.,partly-cloudy-day,"SUAA,86580099999,SUMU,86550199999,86585099999,86575099999"
Matto Grosso,2021-06-18,11,2.1,6.9,11,2.1,6.7,3.3,79.6,0,,0,,,,,12.9,111.9,1028.8,32.5,10.4,,,0,,2021-06-18T07:51:37,2021-06-18T17:40:41,0.27,Partially cloudy,Partly cloudy throughout the day.,partly-cloudy-day,"SUAA,86580099999,SUMU,86550199999,86585099999,86575099999"
Matto Grosso,2021-06-19,12,2.9,8.5,12,2.9,8.2,5.5,81.91,0,,0,,,,,17.2,105.7,1027.3,66.8,9.7,,,0,,2021-06-19T07:51:53,2021-06-19T17:40:51,0.32,Partially cloudy,Partly cloudy throughout the day.,partly-cloudy-day,"SUAA,86580099999,SUMU,86550199999,86585099999,86575099999"
Matto Grosso,2021-06-20,12.9,5.1,8.7,12.9,4,8.5,5.3,80.84,0,,0,,,,,11.9,91.4,1024.2,26.2,11.1,,,0,,2021-06-20T07:52:08,2021-06-20T17:41:03,0.38,Partially cloudy,Partly cloudy throughout the day.,partly-cloudy-day,"SUAA,86580099999,SUMU,86550199999,86585099999,86575099999"
Matto Grosso,2021-06-21,14,4.4,8.8,14,4.4,8.5,5.4,80.71,0,,0,,,,,16.1,46,1023.9,53.8,9.2,,,0,,2021-06-21T07:52:21,2021-06-21T17:41:17,0.42,Partially cloudy,Partly cloudy throughout the day.,partly-cloudy-day,"SUAA,86580099999,SUMU,86550199999,86585099999,86575099999"
Matto Grosso,2021-06-22,16.2,5.3,10.4,16.2,4.9,10.3,8.1,86.21,0,,0,,,,,19.3,54.9,1024.4,46.2,8.8,,,0,,2021-06-22T07:52:33,2021-06-22T17:41:31,0.46,Partially cloudy,Becoming cloudy in the afternoon.,partly-cloudy-day,"SUAA,86580099999,SUMU,86550199999,86585099999,86575099999"
Matto Grosso,2021-06-23,18.1,8.8,13.8,18.1,8.4,13.7,11.3,85.63,0,,0,,,,53.4,29.4,51.5,1017.2,58.9,10.3,,,0,,2021-06-23T07:52:43,2021-06-23T17:41:47,0.49,Partially cloudy,Partly cloudy throughout the day.,partly-cloudy-day,"SUAA,86580099999,SUMU,86550199999,86585099999,86575099999"
Matto Grosso,2021-06-24,15.3,12.2,13.3,15.3,12.2,13.4,11.6,89.81,5.1,,12.5,,,1,59.4,31.7,215.9,1006.8,62.1,8,,,0,,2021-06-24T07:52:52,2021-06-24T17:42:05,0.5,"Rain, Partially cloudy",Partly cloudy throughout the day with a chance of rain throughout the day.,rain,"SUAA,86580099999,SUMU,86550199999,86585099999,86575099999"
Matto Grosso,2021-06-25,18.6,7.4,12.4,18.6,6.1,12.3,6.6,69.41,0,,0,,,,,17.1,244.1,1014.8,36.4,12,,,0,,2021-06-25T07:53:00,2021-06-25T17:42:23,0.51,Partially cloudy,Partly cloudy throughout the day.,partly-cloudy-day,"SUAA,86580099999,SUMU,86550199999,86585099999,86575099999"
Matto Grosso,2021-06-26,14.9,6.9,11.1,14.9,5.6,10.9,8,81.59,0,,0,,,,57.6,27.1,111.4,1013.8,67.1,10.8,,,0,,2021-06-26T07:53:05,2021-06-26T17:42:43,0.53,Partially cloudy,Partly cloudy throughout the day.,partly-cloudy-day,"SUAA,86580099999,SUMU,86550199999,86585099999,86575099999"
Matto Grosso,2021-06-27,10.3,7.2,8.4,10.3,4.5,5.6,5.6,82.76,10.45,,16.67,,,1,57.6,29.1,247.7,1015.9,86.3,9.2,,,0,,2021-06-27T07:53:10,2021-06-27T17:43:05,0.55,"Rain, Partially cloudy",Partly cloudy throughout the day with a chance of rain throughout the day.,rain,"SUAA,86580099999,SUMU,86550199999,86585099999,86575099999"
Matto Grosso,2021-06-28,8.5,6.9,7.6,5.2,2.2,3.5,5.7,88.43,16.95,,12.5,,,1,68.1,34.9,256.5,1016.3,98.3,7,,,0,,2021-06-28T07:53:13,2021-06-28T17:43:27,0.59,"Rain, Overcast",Cloudy skies throughout the day with rain.,rain,"SUAA,86580099999,SUMU,86550199999,86585099999,86575099999"
Matto Grosso,2021-06-29,10.5,8.5,9.7,10.5,4.9,7.7,7.8,88.25,0.7,,12.5,,,1,56.9,32.2,222.8,1022.2,98.7,6.6,,,0,,2021-06-29T07:53:14,2021-06-29T17:43:50,0.64,"Rain, Overcast",Cloudy skies throughout the day with rain.,rain,"SUAA,86580099999,SUMU,86550199999,86585099999,86575099999"
Matto Grosso,2021-06-30,12,8.9,10.5,12,8.6,10.5,7.2,79.89,0,,0,,,0,,16.4,134.8,1027.2,95.6,10.6,,,0,,2021-06-30T07:53:13,2021-06-30T17:44:15,0.69,Overcast,Cloudy skies throughout the day.,cloudy,"SUAA,86580099999,SUMU,86550199999,86585099999,86575099999"
Matto Grosso,2021-07-01,14.8,8.1,10.8,14.8,5.2,10,7.9,82.89,0,,0,,,,,23.3,46.4,1023.6,61.3,11.7,,,0,,2021-07-01T07:53:11,2021-07-01T17:44:41,0.74,Partially cloudy,Partly cloudy throughout the day.,partly-cloudy-day,"SUAA,86580099999,SUMU,86550199999,86585099999,86575099999"
Matto Grosso,2021-07-02,14,5.7,9.3,14,3.8,8.7,7.1,86.77,0,,0,,,,,18.5,238,1020.4,21.8,9.3,,,0,,2021-07-02T07:53:07,2021-07-02T17:45:08,0.78,Partially cloudy,Partly cloudy throughout the day.,partly-cloudy-day,"SUAA,86580099999,SUMU,86550199999,86585099999,86575099999"
Matto Grosso,2021-07-03,17,3,8.9,17,-0.6,8.1,2.7,69.43,0,,0,,,,,22.1,246.7,1022.6,0,8.5,,,0,,2021-07-03T07:53:02,2021-07-03T17:45:35,0.83,Clear,Clear conditions throughout the day.,clear-day,"SUAA,86580099999,SUMU,86575099999"
Matto Grosso,2021-07-04,17.2,3,8.9,17.2,0,7.9,3.4,70.74,0,,0,,,,,14.8,196.9,1023.9,4,10.7,,,0,,2021-07-04T07:52:55,2021-07-04T17:46:04,0.88,Clear,Clear conditions throughout the day.,clear-day,"SUAA,86580099999,SUMU,86550199999,86575099999,86585099999"
Matto Grosso,2021-07-05,18,3.7,9.8,18,3.2,9.6,4.6,73.65,0,,0,,,,,13.4,75.5,1025.4,0,8.7,,,0,,2021-07-05T07:52:47,2021-07-05T17:46:34,0.91,Clear,Clear conditions throughout the day.,clear-day,"SUAA,86580099999,SUMU,86550199999,86585099999,86575099999"
Matto Grosso,2021-07-06,18.8,6.9,12.7,18.8,6.9,12.5,10.2,85.86,0,,0,,,,,30.9,38.4,1022.1,55.5,7.1,,,0,,2021-07-06T07:52:36,2021-07-06T17:47:05,0.95,Partially cloudy,Partly cloudy throughout the day.,wind,"SUAA,86580099999,SUMU,86550199999,86585099999,86575099999"
Matto Grosso,2021-07-07,16,12.3,14.4,16,12.3,14.4,11.9,85.12,0.3,,8.33,,,,,23.5,66.3,1018.5,60.7,9.9,,,0,,2021-07-07T07:52:25,2021-07-07T17:47:37,0.97,"Rain, Partially cloudy",Partly cloudy throughout the day with late afternoon rain.,rain,"SUAA,86580099999,SUMU,86550199999,86585099999,86575099999"
Matto Grosso,2021-07-08,22.1,10.8,15.8,22.1,10.8,15.8,12.1,80.27,0,,0,,,,,20.2,54.5,1018.8,20.4,10.2,,,0,,2021-07-08T07:52:11,2021-07-08T17:48:09,0.99,Partially cloudy,Partly cloudy throughout the day.,partly-cloudy-day,"SUAA,86580099999,SUMU,86550199999,86585099999,86575099999"
Matto Grosso,2021-07-09,23.2,13.2,17.6,23.2,13.2,17.6,11.9,70.52,0,,0,,,,,24.5,49.1,1016.4,10.2,12.2,,,0,,2021-07-09T07:51:56,2021-07-09T17:48:42,1,Clear,Clear conditions throughout the day.,clear-day,"SUAA,86580099999,SUMU,86550199999,86585099999,86575099999"
Matto Grosso,2021-07-10,16,6.5,13.2,16,6.5,13.2,8.8,75.46,0.5,,4.17,,,,46.4,26.9,181.1,1015.8,39.5,11.3,,,0,,2021-07-10T07:51:39,2021-07-10T17:49:17,0,"Rain, Partially cloudy",Clearing in the afternoon with afternoon rain.,rain,"SUAA,86580099999,SUMU,86550199999,86585099999,86575099999"
Matto Grosso,2021-07-11,16.3,1.7,9,16.3,-0.8,8.6,3,69.2,0,,0,,,,,9.7,100,1019.3,18.9,11.4,,,0,,2021-07-11T07:51:21,2021-07-11T17:49:52,0.01,Clear,Clear conditions throughout the day.,clear-day,"SUAA,86580099999,SUMU,86550199999,86585099999,86575099999"
Matto Grosso,2021-07-12,16.8,10.1,13.9,16.8,10.1,13.9,12,88.71,14.98,,12.5,,,,,22.6,64.1,1014.7,95.4,8.3,,,0,,2021-07-12T07:51:01,2021-07-12T17:50:27,0.03,"Rain, Overcast",Cloudy skies throughout the day with a chance of rain throughout the day.,rain,"SUAA,86580099999,SUMU,86550199999,86585099999,86575099999"
Matto Grosso,2021-07-13,14.1,10.4,12.1,14.1,10.4,12,10.7,91.76,0.21,,8.33,,,,,19.9,141.8,1017.1,79.9,5.9,,,0,,2021-07-13T07:50:39,2021-07-13T17:51:04,0.06,"Rain, Partially cloudy",Partly cloudy throughout the day with rain in the morning and afternoon.,rain,"SUAA,86580099999,SUMU,86550199999,86585099999,86575099999"
Matto Grosso,2021-07-14,12.3,10.2,11.3,12.3,10.2,11.3,9.3,87.69,0.9,,8.33,,,,,24,103.6,1019,91.1,8.9,,,0,,2021-07-14T07:50:15,2021-07-14T17:51:41,0.1,"Rain, Overcast",Cloudy skies throughout the day with late afternoon rain.,rain,"SUAA,86580099999,SUMU,86550199999,86585099999,86575099999"
Matto Grosso,2021-07-15,15.6,8.1,11.3,15.6,7.3,11.2,9.9,91,0.03,,4.17,,,,,17.4,219.8,1017.8,73.1,7.6,,,0,,2021-07-15T07:49:50,2021-07-15T17:52:18,0.14,"Rain, Partially cloudy",Partly cloudy throughout the day with morning rain.,rain,"SUAA,86580099999,SUMU,86550199999,86585099999,86575099999"
Matto Grosso,2021-07-16,14.3,3.8,8.6,14.3,3.8,8,6.4,87.29,0,,0,,,,,18.7,207.4,1017.3,21.1,9.4,,,0,,2021-07-16T07:49:24,2021-07-16T17:52:56,0.2,Partially cloudy,Partly cloudy throughout the day.,partly-cloudy-day,"SUAA,86580099999,SUMU,86550199999,86585099999,86575099999"
Matto Grosso,2021-07-17,11.9,7.1,9.3,11.9,5.2,7.8,4.4,72.98,0,,0,,,,61.2,30,252.8,1015.8,40.4,12.6,,,0,,2021-07-17T07:48:55,2021-07-17T17:53:35,0.25,Partially cloudy,Clearing in the afternoon.,partly-cloudy-day,"SUAA,86580099999,SUMU,86550199999,86585099999,86575099999"
Matto Grosso,2021-07-18,10.3,8,9.1,10.3,3.3,6.6,4.9,75.07,0.3,,4.17,,,,70.6,45.5,235,1017.7,97.6,10,,,0,,2021-07-18T07:48:26,2021-07-18T17:54:15,0.31,"Rain, Overcast",Cloudy skies throughout the day with morning rain.,rain,"SUAA,86580099999,SUMU,86550199999,86585099999,86575099999"
Matto Grosso,2021-07-19,9.8,3.6,7.6,6.9,3.5,5.5,4.6,81.68,0,,0,,,,,26.9,230.8,1024.8,61.8,11,,,0,,2021-07-19T07:47:54,2021-07-19T17:54:54,0.37,Partially cloudy,Partly cloudy throughout the day.,partly-cloudy-day,"SUAA,86580099999,SUMU,86550199999,86585099999,86575099999"
Matto Grosso,2021-07-20,16.2,2.3,8.7,16.2,-1,7.5,2.9,69.81,0,,0,,,,,22.3,313,1021.3,32.3,12.4,,,0,,2021-07-20T07:47:21,2021-07-20T17:55:35,0.41,Partially cloudy,Partly cloudy throughout the day.,partly-cloudy-day,"SUAA,86580099999,SUMU,86550199999,86585099999,86575099999"
Matto Grosso,2021-07-21,16.7,3.8,10.2,16.7,1.3,9.6,4.3,68.43,0,,0,,,,,10.3,173.6,1023,36.2,12,,,0,,2021-07-21T07:46:46,2021-07-21T17:56:15,0.45,Partially cloudy,Partly cloudy throughout the day.,partly-cloudy-day,"SUAA,86580099999,SUMU,86550199999,86585099999,86575099999"
Matto Grosso,2021-07-22,19.1,6.7,12.3,19.1,4.2,11.9,5.5,65.23,0,,0,,,,,18.1,29.9,1023.5,64.7,11.4,,,0,,2021-07-22T07:46:10,2021-07-22T17:56:56,0.48,Partially cloudy,Partly cloudy throughout the day.,partly-cloudy-day,"SUAA,86580099999,SUMU,86550199999,86585099999,86575099999"
Matto Grosso,2021-07-23,23.3,9.5,15.4,23.3,7.3,15.1,9.9,71,0,,0,,,,,15.5,106.5,1017.4,53.1,11.9,,,0,,2021-07-23T07:45:33,2021-07-23T17:57:38,0.5,Partially cloudy,Partly cloudy throughout the day.,partly-cloudy-day,"SUAA,86580099999,SUMU,86550199999,86585099999,86575099999"
Matto Grosso,2021-07-24,18.7,13,16,18.7,13,16,12.5,79.54,0,,0,,,,48.2,28.7,77.6,1014.5,83.9,8.3,,,0,,2021-07-24T07:44:53,2021-07-24T17:58:20,0.5,Partially cloudy,Partly cloudy throughout the day.,partly-cloudy-day,"SUAA,86580099999,SUMU,86550199999,86585099999,86575099999"
Matto Grosso,2021-07-25,20.2,12.4,15.7,20.2,12.4,15.7,14.3,91.4,30.05,,8.33,,,,46.4,28.3,154,1008.9,88.1,7.8,,,0,,2021-07-25T07:44:13,2021-07-25T17:59:02,0.52,"Rain, Partially cloudy",Partly cloudy throughout the day with rain clearing later.,rain,"SUAA,86580099999,SUMU,86550199999,86585099999,86575099999"
Matto Grosso,2021-07-26,12.6,8.3,10.7,12.6,6.9,10.3,7.7,82.2,0.23,,8.33,,,,,16.7,208,1015.6,57.3,12,,,0,,2021-07-26T07:43:30,2021-07-26T17:59:44,0.54,"Rain, Partially cloudy",Partly cloudy throughout the day with rain clearing later.,rain,"SUAA,86580099999,SUMU,86550199999,86585099999,86575099999"
Matto Grosso,2021-07-27,9.6,5.8,7.9,7.5,1.3,4.3,0.9,61.75,0.3,,8.33,,,,59.5,33.6,244.3,1017.8,60.1,11.9,,,0,,2021-07-27T07:42:47,2021-07-27T18:00:27,0.57,"Rain, Partially cloudy",Partly cloudy throughout the day with rain clearing later.,rain,"SUAA,86580099999,SUMU,86550199999,86585099999,86575099999"
Matto Grosso,2021-07-28,8.7,6.4,7.5,5.3,1.8,3.7,2.1,68.63,0.6,,12.5,,,,55.5,34.5,222.3,1021.8,78,11.2,,,0,,2021-07-28T07:42:02,2021-07-28T18:01:10,0.61,"Rain, Partially cloudy",Partly cloudy throughout the day with rain.,rain,"SUAA,86580099999,SUMU,86550199999,86585099999,86575099999"
Matto Grosso,2021-07-29,10.7,4.2,7.5,10.7,1.5,5.8,2.1,69.04,0,,0,,,,44.6,27.6,272.6,1025.9,24.9,12.5,,,0,,2021-07-29T07:41:15,2021-07-29T18:01:53,0.66,Partially cloudy,Partly cloudy throughout the day.,partly-cloudy-day,"SUAA,86580099999,SUMU,86550199999,86585099999,86575099999"
Matto Grosso,2021-07-30,15.2,2.6,8.8,15.2,-0.6,8,1.4,61.88,0,,0,,,,,20.9,261.7,1026.7,4.2,12.3,,,0,,2021-07-30T07:40:27,2021-07-30T18:02:36,0.7,Clear,Clear conditions throughout the day.,clear-day,"SUAA,86580099999,SUMU,86550199999,86585099999,86575099999"
Matto Grosso,2021-07-31,16,3.8,9.7,16,1.7,8.9,4.6,72.3,0,,0,,,,,15,129.3,1028.9,24,11.9,,,0,,2021-07-31T07:39:38,2021-07-31T18:03:20,0.75,Partially cloudy,Partly cloudy throughout the day.,partly-cloudy-day,"SUAA,86580099999,SUMU,86550199999,86585099999,86575099999"
Matto Grosso,2021-08-01,13.1,4,8.3,13.1,2.9,8.1,6.2,87.83,0,,0,,,,,15.2,112.4,1031.7,15.3,8.9,,,0,,2021-08-01T07:38:47,2021-08-01T18:04:04,0.8,Clear,Clear conditions throughout the day.,clear-day,"SUAA,86580099999,SUMU,86550199999,86585099999,86575099999"
Matto Grosso,2021-08-02,12,4.8,7.2,12,3.3,7,6.2,94.01,0,,0,,,,,7.8,101,1030.8,44.1,1.9,,,0,,2021-08-02T07:37:55,2021-08-02T18:04:47,0.84,Partially cloudy,Partly cloudy throughout the day.,partly-cloudy-day,"SUAA,86580099999,SUMU,86550199999,86585099999,86575099999"
Matto Grosso,2021-08-03,16.2,3.2,8.8,16.2,1.4,8.5,6.3,86.47,0,,0,,,,,13,108,1029.5,2.9,8.6,,,0,,2021-08-03T07:37:01,2021-08-03T18:05:31,0.89,Clear,Clear conditions throughout the day.,clear-day,"SUAA,86580099999,SUMU,86550199999,86585099999,86575099999"
Matto Grosso,2021-08-04,9.9,3.2,6.6,9.1,0.5,5.3,5.9,95.5,0,,0,,,,,13,45.5,1030.9,51.9,1.8,,,0,,2021-08-04T07:36:06,2021-08-04T18:06:15,0.93,Partially cloudy,Partly cloudy throughout the day.,partly-cloudy-day,"SUAA,86580099999,SUMU,86550199999,86585099999,86575099999"
Matto Grosso,2021-08-05,17.3,6,12.6,17.3,4.2,12.3,10.9,89.94,0,,4.17,,,,,21.6,39.1,1027.9,64.9,8.7,,,0,,2021-08-05T07:35:10,2021-08-05T18:06:59,0.96,Partially cloudy,Partly cloudy throughout the day.,partly-cloudy-day,"SUAA,86580099999,SUMU,86550199999,86585099999,86575099999"
Matto Grosso,2021-08-06,20.4,12,15.9,20.4,12,15.9,13.6,87.05,0,,4.17,,,,,21.4,28.1,1022.2,17.5,11.9,,,0,,2021-08-06T07:34:13,2021-08-06T18:07:43,0.98,Clear,Clear conditions throughout the day.,clear-day,"SUAA,86580099999,SUMU,86550199999,86585099999,86575099999"
Matto Grosso,2021-08-07,24.9,14.4,18.7,24.9,14.4,18.7,14.8,79.18,0,,0,,,,,19.5,117.7,1015.7,20.8,11.7,,,0,,2021-08-07T07:33:15,2021-08-07T18:08:28,1,Partially cloudy,Partly cloudy throughout the day.,partly-cloudy-day,"SUAA,86580099999,SUMU,86550199999,86585099999,86575099999"
Matto Grosso,2021-08-08,16.2,9.7,12.4,16.2,5.5,11.9,11,91.58,9,,4.17,,,,72.2,44.8,121.6,1018,69.3,5.5,,,0,,2021-08-08T07:32:15,2021-08-08T18:09:12,1,"Rain, Partially cloudy",Partly cloudy throughout the day with late afternoon rain.,rain,"SUAA,86580099999,SUMU,86550199999,86585099999,86575099999"
Matto Grosso,2021-08-09,10.8,8.9,9.6,10.8,5.1,7.3,8.9,95.61,36.19,,16.67,,,,55.2,31.2,156.3,1021.8,99.6,2.9,,,0,,2021-08-09T07:31:14,2021-08-09T18:09:56,0,"Rain, Overcast",Cloudy skies throughout the day with a chance of rain throughout the day.,rain,"SUAA,86580099999,SUMU,86550199999,86585099999,86575099999"
Matto Grosso,2021-08-10,9.8,6,8.6,9,3.6,6.6,4.8,77.65,0.2,,4.17,,,,,22.4,212.8,1024.6,91.4,10.7,,,0,,2021-08-10T07:30:12,2021-08-10T18:10:40,0.02,"Rain, Overcast",Cloudy skies throughout the day with afternoon rain.,rain,"SUAA,86580099999,SUMU,86550199999,86585099999,86575099999"
Matto Grosso,2021-08-11,12.1,1,7.1,12.1,-0.6,6.4,3.1,76.71,0,,0,,,,,25.9,207.6,1027.5,20,12.2,,,0,,2021-08-11T07:29:09,2021-08-11T18:11:24,0.05,Clear,Partly cloudy throughout the day.,clear-day,"SUAA,86580099999,SUMU,86550199999,86585099999,86575099999"
Matto Grosso,2021-08-12,11.9,7.6,9.3,11.9,6.5,8.8,4.4,72.04,0,,0,,,,,18.2,150.8,1030.1,59.3,12.8,,,0,,2021-08-12T07:28:04,2021-08-12T18:12:08,0.09,Partially cloudy,Partly cloudy throughout the day.,partly-cloudy-day,"SUAA,86580099999,SUMU,86550199999,86585099999,86575099999"
Matto Grosso,2021-08-13,13.7,3.8,8.2,13.7,1.3,7.5,5.7,85.54,0,,0,,,,,12.4,58.2,1029.4,39.6,9.5,,,0,,2021-08-13T07:26:59,2021-08-13T18:12:53,0.13,Partially cloudy,Partly cloudy throughout the day.,partly-cloudy-day,"SUAA,86580099999,SUMU,86550199999,86585099999,86575099999"
Matto Grosso,2021-08-14,15.5,8.3,11.4,15.5,6.8,11.1,9.4,87.59,0.2,,4.17,,,,,10.7,91.8,1023.5,85.9,8.1,,,0,,2021-08-14T07:25:53,2021-08-14T18:13:37,0.19,"Rain, Partially cloudy",Partly cloudy throughout the day with afternoon rain.,rain,"SUAA,86580099999,SUMU,86550199999,86585099999,86575099999"
Matto Grosso,2021-08-15,12.9,9.3,10.9,12.9,8.2,10.8,10.1,95.29,0.1,,4.17,,,,,10.1,182.8,1020.1,61,4,,,0,,2021-08-15T07:24:45,2021-08-15T18:14:21,0.24,"Rain, Partially cloudy",Partly cloudy throughout the day with morning rain.,rain,"SUAA,86580099999,SUMU,86550199999,86585099999,86575099999"
Matto Grosso,2021-08-16,17,7.8,11.6,17,6.6,11.1,9.5,88.37,0,,0,,,,,19.8,37.8,1016,65.4,5.7,,,0,,2021-08-16T07:23:37,2021-08-16T18:15:05,0.3,Partially cloudy,Partly cloudy throughout the day.,partly-cloudy-day,"SUAA,86580099999,SUMU,86550199999,86585099999,86575099999"
Matto Grosso,2021-08-17,17.6,10.4,12.9,17.6,10.4,12.9,11.4,91.11,0.1,,4.17,,,,,11,93,1014.5,87.6,4.8,,,0,,2021-08-17T07:22:27,2021-08-17T18:15:49,0.35,"Rain, Partially cloudy",Partly cloudy throughout the day with morning rain.,rain,"SUAA,86580099999,SUMU,86550199999,86585099999,86575099999"
Matto Grosso,2021-08-18,20.7,9.7,14.7,20.7,7.9,14.6,12.5,87.81,0,,0,,,,,19,71.7,1010.3,81,6.1,,,0,,2021-08-18T07:21:17,2021-08-18T18:16:32,0.4,Partially cloudy,Partly cloudy throughout the day.,partly-cloudy-day,"SUAA,86580099999,SUMU,86550199999,86585099999,86575099999"
Matto Grosso,2021-08-19,16.5,9.4,12.4,16.5,9.4,12.4,11.5,94.13,2.5,,12.5,,,,48.2,26,138.1,1004.7,92.4,4.8,,,0,,2021-08-19T07:20:06,2021-08-19T18:17:16,0.44,"Rain, Overcast",Cloudy skies throughout the day with rain.,rain,"SUAA,86580099999,SUMU,86550199999,86585099999,86575099999"
Matto Grosso,2021-08-20,17.1,6.5,11.8,17.1,5.5,11.8,7.7,78.63,0,,0,,,,,18.1,201.4,1015.3,46.1,9.6,,,0,,2021-08-20T07:18:54,2021-08-20T18:18:00,0.48,Partially cloudy,Partly cloudy throughout the day.,partly-cloudy-day,"SUAA,86580099999,SUMU,86550199999,86585099999,86575099999"
Matto Grosso,2021-08-21,17.4,6.7,12,17.4,6.7,11.9,5.7,68.22,0,,0,,,,,23.1,65,1016.2,79.7,10.1,,,0,,2021-08-21T07:17:41,2021-08-21T18:18:44,0.49,Partially cloudy,Partly cloudy throughout the day.,partly-cloudy-day,"SUAA,86580099999,SUMU,86550199999,86585099999,86575099999"
Matto Grosso,2021-08-22,15.1,11.2,13.1,15.1,11.2,13.1,10.6,85.71,0.6,,8.33,,,,,21.6,196,1006.9,64.1,8.3,,,0,,2021-08-22T07:16:27,2021-08-22T18:19:27,0.5,"Rain, Partially cloudy",Partly cloudy throughout the day with rain clearing later.,rain,"SUAA,86580099999,SUMU,86550199999,86585099999,86575099999"
Matto Grosso,2021-08-23,15.6,4.8,10.4,15.6,3.9,10.3,4.8,71.34,0,,0,,,,,16.1,198.9,1014.1,41.2,12.4,,,0,,2021-08-23T07:15:12,2021-08-23T18:20:11,0.51,Partially cloudy,Partly cloudy throughout the day.,partly-cloudy-day,"SUAA,86580099999,SUMU,86550199999,86585099999,86575099999"
Matto Grosso,2021-08-24,14.7,4.4,9.6,14.7,4.3,9.4,5.6,78.19,0,,0,,,,,16.8,85.4,1016,56.2,10,,,0,,2021-08-24T07:13:57,2021-08-24T18:20:54,0.53,Partially cloudy,Partly cloudy throughout the day.,partly-cloudy-day,"SUAA,86580099999,SUMU,86550199999,86585099999,86575099999"
Matto Grosso,2021-08-25,14.1,6.1,10.3,14.1,6.1,10,7.4,83.41,0,,0,,,,,21,113.8,1015,58.2,11.3,,,0,,2021-08-25T07:12:41,2021-08-25T18:21:37,0.55,Partially cloudy,Partly cloudy throughout the day.,partly-cloudy-day,"SUAA,86580099999,SUMU,86550199999,86585099999,86575099999"
Matto Grosso,2021-08-26,19,3.4,11.4,19,0.8,11,3.1,62.95,0,,0,,,,44.6,24.2,219.8,1015.4,13.7,9.5,,,0,,2021-08-26T07:11:24,2021-08-26T18:22:21,0.59,Clear,Clear conditions throughout the day.,clear-day,"SUAA,86580099999,SUMU,86550199999,86585099999,86575099999"
Matto Grosso,2021-08-27,13.5,6,10.3,13.5,4.5,10.3,4,66.83,0,,0,,,,,14.8,187,1020.4,18.8,12.4,,,0,,2021-08-27T07:10:06,2021-08-27T18:23:04,0.63,Clear,Clear conditions throughout the day.,clear-day,"SUAA,86580099999,SUMU,86550199999,86585099999,86575099999"
Matto Grosso,2021-08-28,19,7.2,12.4,19,4.5,11.8,7.3,72.31,0,,0,,,,,24.3,50.8,1024,56.7,12.4,,,0,,2021-08-28T07:08:48,2021-08-28T18:23:47,0.67,Partially cloudy,Partly cloudy throughout the day.,partly-cloudy-day,"SUAA,86580099999,SUMU,86550199999,86585099999,86575099999"
Matto Grosso,2021-08-29,20.5,7.1,13.5,20.5,5.9,13.2,8.7,74.82,0,,0,,,,,14.3,92,1024.5,18.6,11.3,,,0,,2021-08-29T07:07:29,2021-08-29T18:24:30,0.72,Clear,Clear conditions throughout the day.,clear-day,"SUAA,86580099999,SUMU,86550199999,86585099999,86575099999"
Matto Grosso,2021-08-30,24.5,10.5,16.9,24.5,10.5,16.9,13.7,83.01,0,,0,,,,,21.6,42.1,1020,20.3,8.9,,,0,,2021-08-30T07:06:09,2021-08-30T18:25:13,0.76,Partially cloudy,Partly cloudy throughout the day.,partly-cloudy-day,"SUAA,86580099999,SUMU,86550199999,86585099999,86575099999"
Matto Grosso,2021-08-31,28,16.1,21.2,28.5,16.1,21.3,15.6,73.11,0,,0,,,,,22.6,64.8,1016.5,32.1,12,,,0,,2021-08-31T07:04:49,2021-08-31T18:25:56,0.81,Partially cloudy,Partly cloudy throughout the day.,partly-cloudy-day,"SUAA,86580099999,SUMU,86550199999,86585099999,86575099999"
Matto Grosso,2021-09-01,21.9,13.9,17.8,21.9,13.9,17.8,15.1,84.54,22,,4.17,,,,48.2,25.7,109.7,1015.6,93.4,8.9,,,0,,2021-09-01T07:03:29,2021-09-01T18:26:39,0.86,"Rain, Overcast",Cloudy skies throughout the day with late afternoon rain.,rain,"SUAA,86580099999,SUMU,86550199999,86585099999,86575099999"
Matto Grosso,2021-09-02,15,12.9,13.8,15,12.9,13.8,13.5,97.83,10.45,,16.67,,,,,17.8,130.9,1017.6,99.7,2.7,,,0,,2021-09-02T07:02:07,2021-09-02T18:27:22,0.9,"Rain, Overcast",Cloudy skies throughout the day with a chance of rain throughout the day.,rain,"SUAA,86580099999,SUMU,86550199999,86585099999,86575099999"
Matto Grosso,2021-09-03,16.1,11.7,13.8,16.1,11.7,13.8,11,83.65,0.4,,4.17,,,,,20.6,120.8,1019.6,59.1,12.2,,,0,,2021-09-03T07:00:46,2021-09-03T18:28:05,0.94,"Rain, Partially cloudy",Partly cloudy throughout the day with early morning rain.,rain,"SUAA,86580099999,SUMU,86550199999,86585099999,86575099999"
Matto Grosso,2021-09-04,16.6,10.3,13,16.6,10.3,13,10.2,83.85,0.5,,4.17,,,,,22,84.4,1016.9,70.3,11.1,,,0,,2021-09-04T06:59:23,2021-09-04T18:28:47,0.97,"Rain, Partially cloudy",Partly cloudy throughout the day with late afternoon rain.,rain,"SUAA,86580099999,SUMU,86550199999,86585099999,86575099999"
Matto Grosso,2021-09-05,15.3,12.8,13.5,15.3,12.8,13.5,10.8,84.09,0.31,,8.33,,,,,17.4,118,1018,92,12,,,0,,2021-09-05T06:58:01,2021-09-05T18:29:30,0.99,"Rain, Overcast",Cloudy skies throughout the day with rain.,rain,"SUAA,86580099999,SUMU,86550199999,86585099999,86575099999"
Matto Grosso,2021-09-06,17.8,10.4,14.2,17.8,10.4,14.2,11.5,84.52,0,,0,,,,,21.5,88.8,1019.8,76.5,12.8,,,0,,2021-09-06T06:56:38,2021-09-06T18:30:13,1,Partially cloudy,Partly cloudy throughout the day.,partly-cloudy-day,"SUAA,86580099999,SUMU,86550199999,86585099999,86575099999"
Matto Grosso,2021-09-07,15.1,13.3,14.3,15.1,13.3,14.3,12.2,87.46,0.52,,12.5,,,,48.2,27.1,94.4,1015.2,98.7,10.3,,,0,,2021-09-07T06:55:14,2021-09-07T18:30:56,0,"Rain, Overcast",Cloudy skies throughout the day with rain.,rain,"SUAA,86580099999,SUMU,86550199999,86585099999,86575099999"
Matto Grosso,2021-09-08,16.2,13.3,14.6,16.2,13.3,14.6,14.1,96.74,40.94,,16.67,,,,,18.4,120.8,1006.7,96.8,4.8,,,0,,2021-09-08T06:53:51,2021-09-08T18:31:38,0.01,"Rain, Overcast",Cloudy skies throughout the day with a chance of rain throughout the day.,rain,"SUAA,86580099999,SUMU,86550199999,86585099999,86575099999"
Matto Grosso,2021-09-09,15.9,12,13.8,15.9,12,13.8,12.6,92.46,4.58,,8.33,,,,,14.2,188.1,1004.1,89.5,10.5,,,0,,2021-09-09T06:52:26,2021-09-09T18:32:21,0.04,"Rain, Partially cloudy",Partly cloudy throughout the day with rain in the morning and afternoon.,rain,"SUAA,86580099999,SUMU,86550199999,86585099999,86575099999"
Matto Grosso,2021-09-10,14.1,12,13,14.1,12,13,12.1,93.88,0.3,,8.33,,,,42.5,25.5,216.2,1014.6,97.1,7.5,,,0,,2021-09-10T06:51:02,2021-09-10T18:33:04,0.07,"Rain, Overcast",Cloudy skies throughout the day with morning rain.,rain,"SUAA,86580099999,SUMU,86550199999,86585099999,86575099999"
Matto Grosso,2021-09-11,16.5,12,13.7,16.5,12,13.7,11.7,88.15,1.4,,8.33,,,,,18.1,91.3,1017.6,91.2,9.9,,,0,,2021-09-11T06:49:37,2021-09-11T18:33:47,0.12,"Rain, Overcast",Cloudy skies throughout the day with rain clearing later.,rain,"SUAA,86580099999,SUMU,86550199999,86585099999,86575099999"
Matto Grosso,2021-09-12,23.2,11.9,16.7,23.2,11.9,16.7,13.2,80.82,0,,0,,,,,29.8,78.8,1010.2,73.8,11.8,,,0,,2021-09-12T06:48:12,2021-09-12T18:34:29,0.17,Partially cloudy,Partly cloudy throughout the day.,partly-cloudy-day,"SUAA,86580099999,SUMU,86550199999,86585099999,86575099999"
Matto Grosso,2021-09-13,17,13.1,14.2,17,13.1,14.2,13.4,94.99,0,,0,,,,,26.6,154.8,1008.8,72,5.4,,,0,,2021-09-13T06:46:47,2021-09-13T18:35:12,0.23,Partially cloudy,Partly cloudy throughout the day.,partly-cloudy-day,"SUAA,86580099999,SUMU,86550199999,86585099999,86575099999"
Matto Grosso,2021-09-14,14,10.2,12.5,14,10.2,12.5,8,74.64,6.39,,12.5,,,,55.4,34.8,212.1,1014.1,58.9,11.7,,,0,,2021-09-14T06:45:22,2021-09-14T18:35:55,0.28,"Rain, Partially cloudy",Clearing in the afternoon with rain.,rain,"SUAA,86580099999,SUMU,86550199999,86585099999,86575099999"
Matto Grosso,2021-09-15,16.9,5.2,11.8,16.9,3.6,11.4,4.8,66.04,0,,0,,,,,20.9,267.5,1021.3,2.8,13.3,,,0,,2021-09-15T06:43:56,2021-09-15T18:36:38,0.34,Clear,Clear conditions throughout the day.,clear-day,"SUAA,86580099999,SUMU,86550199999,86585099999,86575099999"
Matto Grosso,2021-09-16,22,7.7,15.1,22,5.8,14.9,5.5,55.36,0,,0,,,,,19.2,251.1,1024.9,0,13.4,,,0,,2021-09-16T06:42:30,2021-09-16T18:37:21,0.39,Clear,Clear conditions throughout the day.,clear-day,"SUAA,86580099999,SUMU,86550199999,86585099999,86575099999"
Matto Grosso,2021-09-17,22.2,10.3,16.2,22.2,10.3,16.2,6.8,56.02,0,,0,,,,,25.7,37.8,1020.8,6,12.5,,,0,,2021-09-17T06:41:05,2021-09-17T18:38:04,0.43,Clear,Clear conditions throughout the day.,clear-day,"SUAA,86580099999,SUMU,86550199999,86585099999,86575099999"
Matto Grosso,2021-09-18,21,12,15.4,21,12,15.4,13.4,88.72,0,,0,,,,,19.6,77.2,1016.5,45.7,6.3,,,0,,2021-09-18T06:39:39,2021-09-18T18:38:48,0.47,Partially cloudy,Clearing in the afternoon.,partly-cloudy-day,"SUAA,86580099999,SUMU,86550199999,86585099999,86575099999"
Matto Grosso,2021-09-19,21.8,13.6,17.4,21.8,13.6,17.4,13.8,80.98,0,,0,,,,,26,72.7,1014.2,85.1,10.8,,,0,,2021-09-19T06:38:13,2021-09-19T18:39:31,0.49,Partially cloudy,Partly cloudy throughout the day.,partly-cloudy-day,"SUAA,86580099999,SUMU,86550199999,86585099999,86575099999"
Matto Grosso,2021-09-20,16.4,12.1,14.8,16.4,12.1,14.9,13.4,91.55,1.12,,8.33,,,,62.7,38,178.8,1014.5,88.7,6.3,,,0,,2021-09-20T06:36:47,2021-09-20T18:40:15,0.5,"Rain, Partially cloudy",Partly cloudy throughout the day with rain clearing later.,rain,"SUAA,86580099999,SUMU,86550199999,86585099999,86575099999"
Matto Grosso,2021-09-21,14.1,10,11.9,14.1,10,11.9,6.6,70.07,0,,0,,,,50,28.5,159.4,1026.7,44.3,13.7,,,0,,2021-09-21T06:35:21,2021-09-21T18:40:58,0.5,Partially cloudy,Clearing in the afternoon.,partly-cloudy-day,"SUAA,86580099999,SUMU,86550199999,86585099999,86575099999"
Matto Grosso,2021-09-22,16.9,7.6,13,16.9,7,13,9.2,78.6,0,,0,,,,,19.7,93.4,1025.6,69.3,11.5,,,0,,2021-09-22T06:33:54,2021-09-22T18:41:42,0.52,Partially cloudy,Partly cloudy throughout the day.,partly-cloudy-day,"SUAA,86580099999,SUMU,86550199999,86585099999,86575099999"
Matto Grosso,2021-09-23,17.8,11.9,14.1,17.8,11.9,14.1,10.6,79.9,0,,4.17,,,,,20.4,102.1,1022.5,89.9,10.9,,,0,,2021-09-23T06:32:29,2021-09-23T18:42:26,0.53,Partially cloudy,Partly cloudy throughout the day.,partly-cloudy-day,"SUAA,86580099999,SUMU,86550199999,86585099999,86575099999"
Matto Grosso,2021-09-24,15.8,11.8,14.1,15.8,11.8,14,11.1,82.63,0,,4.17,,,,,18.3,132.7,1023.7,73.5,12.3,,,0,,2021-09-24T06:31:03,2021-09-24T18:43:10,0.56,Partially cloudy,Partly cloudy throughout the day.,partly-cloudy-day,"SUAA,86580099999,SUMU,86550199999,86585099999,86575099999"
Matto Grosso,2021-09-25,20.6,13.8,16.4,20.6,13.8,16.4,12.9,80.49,0,,0,,,,,18.9,74.4,1020.2,55.2,12.3,,,0,,2021-09-25T06:29:37,2021-09-25T18:43:54,0.6,Partially cloudy,Partly cloudy throughout the day.,partly-cloudy-day,"SUAA,86580099999,SUMU,86550199999,86585099999,86575099999"
Matto Grosso,2021-09-26,22.4,10.8,16.7,22.4,10.8,16.8,12.7,79.15,0,,0,,,,,13,126.2,1017,14.2,11.1,,,0,,2021-09-26T06:28:11,2021-09-26T18:44:39,0.64,Clear,Clear conditions throughout the day.,clear-day,"SUAA,86580099999,SUMU,86550199999,86585099999,86575099999"
Matto Grosso,2021-09-27,17.6,14.1,15.3,17.6,14.1,15.3,13.1,86.9,0,,0,,,,,30.4,115.6,1019.2,86.2,9.3,,,0,,2021-09-27T06:26:46,2021-09-27T18:45:24,0.68,Partially cloudy,Partly cloudy throughout the day.,wind,"SUAA,86580099999,SUMU,86550199999,86585099999,86575099999"
Matto Grosso,2021-09-28,16.1,13.2,14.5,16.1,13.2,14.5,12.7,89.19,0.4,,4.17,,,,,20.1,117.2,1020.7,86.5,7.8,,,0,,2021-09-28T06:25:21,2021-09-28T18:46:08,0.73,"Rain, Partially cloudy",Partly cloudy throughout the day with morning rain.,rain,"SUAA,86580099999,SUMU,86550199999,86585099999,86575099999"
Matto Grosso,2021-09-29,19.5,10.2,15.2,19.5,10.2,15.2,10.6,75.99,0,,0,,,,,19.5,77.3,1019.9,8,12.4,,,0,,2021-09-29T06:23:55,2021-09-29T18:46:54,0.77,Clear,Clear conditions throughout the day.,clear-day,"SUAA,86580099999,SUMU,86550199999,86585099999,86575099999"
Matto Grosso,2021-09-30,20,13.3,15.8,20,13.3,15.8,12.3,81.21,13,,4.17,,,,57.5,35,59.5,1011.3,59.6,10.9,,,0,,2021-09-30T06:22:31,2021-09-30T18:47:39,0.82,"Rain, Partially cloudy",Partly cloudy throughout the day with late afternoon rain.,rain,"SUAA,86580099999,SUMU,86550199999,86585099999,86575099999"
Matto Grosso,2021-10-01,20,11.6,16.2,20,11.6,16.2,11.3,75.69,0.1,,4.17,,,1,,16.3,168.5,1013.3,35,13.2,,,0,,2021-10-01T06:21:06,2021-10-01T18:48:25,0.87,"Rain, Partially cloudy",Partly cloudy throughout the day with morning rain.,rain,"SUAA,86580099999,SUMU,86550199999,86585099999,86575099999"
Matto Grosso,2021-10-02,21.2,9,14.9,21.2,7.9,14.7,7.3,64.06,0.5,,4.17,,,,,31.8,90.8,1011.6,45.4,13,,,0,,2021-10-02T06:19:42,2021-10-02T18:49:11,0.91,"Rain, Partially cloudy",Partly cloudy throughout the day with late afternoon rain.,rain,"SUAA,86580099999,SUMU,86550199999,86585099999,86575099999"
Matto Grosso,2021-10-03,14.9,11.1,13.3,14.9,11.1,13.3,5.6,60.78,0,,0,,,0,42.5,25.9,224,1013.2,46,12,,,0,,2021-10-03T06:18:18,2021-10-03T18:49:57,0.95,Partially cloudy,Partly cloudy throughout the day.,partly-cloudy-day,"SUAA,86580099999,SUMU,86550199999,86585099999,86575099999"
Matto Grosso,2021-10-04,18.2,8.2,14.3,18.2,7.6,14.2,3.9,50.45,0,,0,,,,38.9,19.9,232.8,1017.3,6.6,12.6,,,0,,2021-10-04T06:16:55,2021-10-04T18:50:43,0.98,Clear,Clear conditions throughout the day.,clear-day,"SUAA,86580099999,SUMU,86550199999,86585099999,86575099999"
Matto Grosso,2021-10-05,22.9,9.6,15.7,22.9,7.3,15.6,6,53.71,0,,0,,,,,21.6,157.7,1016.5,2.8,13.1,,,0,,2021-10-05T06:15:32,2021-10-05T18:51:30,1,Clear,Clear conditions throughout the day.,clear-day,"SUAA,86580099999,SUMU,86550199999,86585099999,86575099999"
Matto Grosso,2021-10-06,15,11,12.9,15,11,12.9,6.8,66.56,0,,0,,,,46.4,28.5,156.6,1019.1,45.6,12.8,,,0,,2021-10-06T06:14:09,2021-10-06T18:52:17,0,Partially cloudy,Partly cloudy throughout the day.,partly-cloudy-day,"SUAA,86580099999,SUMU,86550199999,86585099999,86575099999"
Matto Grosso,2021-10-07,14,9.3,11.2,14,7.6,10.9,3.9,61.29,0,,0,,,,,17.6,143.1,1022.5,41.9,12.1,,,0,,2021-10-07T06:12:47,2021-10-07T18:53:05,0.01,Partially cloudy,Clearing in the afternoon.,partly-cloudy-day,"SUAA,86580099999,SUMU,86550199999,86585099999,86575099999"
Matto Grosso,2021-10-08,14.9,5.9,11.1,14.9,5.8,10.9,4.6,66.04,0,,0,,,0,,20.1,87.3,1020.6,39.3,13.7,,,0,,2021-10-08T06:11:25,2021-10-08T18:53:52,0.03,Partially cloudy,Becoming cloudy in the afternoon.,partly-cloudy-day,"SUAA,86580099999,SUMU,86550199999,86585099999,86575099999"
Matto Grosso,2021-10-09,18.9,8.1,14.1,18.9,6.9,14,8.7,70.37,0,,0,,,,,21.6,83.6,1020.7,32.2,13.7,,,0,,2021-10-09T06:10:04,2021-10-09T18:54:40,0.06,Partially cloudy,Partly cloudy throughout the day.,partly-cloudy-day,"SUAA,86580099999,SUMU,86550199999,86585099999,86575099999"
Matto Grosso,2021-10-10,19.1,12.3,16.1,19.1,12.3,16.1,11.5,74.38,0,,0,,,,,21.5,78.4,1019.7,66,12,,,0,,2021-10-10T06:08:43,2021-10-10T18:55:29,0.11,Partially cloudy,Partly cloudy throughout the day.,partly-cloudy-day,"SUAA,86580099999,SUMU,86550199999,86585099999,86575099999"
Matto Grosso,2021-10-11,16.3,14.8,15.7,16.3,14.8,15.7,14.4,92.08,9.03,,8.33,,,1,,16.9,99.8,1015.6,96.6,7.8,,,0,,2021-10-11T06:07:23,2021-10-11T18:56:18,0.16,"Rain, Overcast",Cloudy skies throughout the day with rain in the morning and afternoon.,rain,"SUAA,86580099999,SUMU,86550199999,86585099999,86575099999"
Matto Grosso,2021-10-12,19.8,15,17.1,19.8,15,17.1,15.7,91.55,0.8,,8.33,,,1,,13.7,105.8,1012.3,92.2,7,,,0,,2021-10-12T06:06:04,2021-10-12T18:57:07,0.21,"Rain, Overcast",Cloudy skies throughout the day with rain in the morning and afternoon.,rain,"SUAA,86580099999,SUMU,86550199999,86585099999,86575099999"
Matto Grosso,2021-10-13,21.2,13.3,16.8,21.2,13.3,16.8,14.7,88.46,0,,0,,,,,15.7,126.5,1008.3,85.7,8.1,,,0,,2021-10-13T06:04:45,2021-10-13T18:57:56,0.27,Partially cloudy,Partly cloudy throughout the day.,partly-cloudy-day,"SUAA,86580099999,SUMU,86550199999,86585099999,86575099999"
Matto Grosso,2021-10-14,20.1,15.2,17.6,20.1,15.2,17.6,14.9,84.86,0,,4.17,,,0,46.4,17.5,189.3,1005.5,63.7,11,,,0,,2021-10-14T06:03:27,2021-10-14T18:58:46,0.33,Partially cloudy,Partly cloudy throughout the day.,partly-cloudy-day,"SUAA,86580099999,SUMU,86550199999,86585099999,86575099999"
Matto Grosso,2021-10-15,15.6,9.3,14,15.6,8.8,13.9,7.1,63.95,0,,0,,,,42.5,26.4,166.2,1019.7,63.8,12.2,,,0,,2021-10-15T06:02:10,2021-10-15T18:59:36,0.37,Partially cloudy,Partly cloudy throughout the day.,partly-cloudy-day,"SUAA,86580099999,SUMU,86550199999,86585099999,86575099999"
Matto Grosso,2021-10-16,17.7,5.3,12,17.7,5.2,12,3.5,60.37,0,,0,,,,,16.4,156.2,1024.1,7.6,13,,,0,,2021-10-16T06:00:53,2021-10-16T19:00:27,0.42,Clear,Clear conditions throughout the day.,clear-day,"SUAA,86580099999,SUMU,86550199999,86585099999,86575099999"
Matto Grosso,2021-10-17,20.3,7.3,14.4,20.3,6.3,14,6.2,59.49,0,,0,,,,,13.4,134.8,1021.1,21.1,13.7,,,0,,2021-10-17T05:59:38,2021-10-17T19:01:18,0.45,Partially cloudy,Partly cloudy throughout the day.,partly-cloudy-day,"SUAA,86580099999,SUMU,86550199999,86585099999,86575099999"
Matto Grosso,2021-10-18,18,11.1,14.5,18,11.1,14.5,9.2,72.03,0,,0,,,0,,20.1,118.3,1021.5,32.8,13.3,,,0,,2021-10-18T05:58:23,2021-10-18T19:02:09,0.48,Partially cloudy,Partly cloudy throughout the day.,partly-cloudy-day,"SUAA,86580099999,SUMU,86550199999,86585099999,86575099999"
Matto Grosso,2021-10-19,20.5,6.7,14.1,20.5,6.7,14,9.8,77.07,0,,0,,,,,18.7,77.3,1022.5,8.9,11.3,,,0,,2021-10-19T05:57:09,2021-10-19T19:03:01,0.49,Clear,Clear conditions throughout the day.,clear-day,"SUAA,86580099999,SUMU,86550199999,86585099999,86575099999"
Matto Grosso,2021-10-20,23.4,12.6,17.7,23.4,12.6,17.7,11.9,70.33,0,,0,,,,,24.1,58.5,1020.2,17.9,12.4,,,0,,2021-10-20T05:55:55,2021-10-20T19:03:53,0.5,Clear,Clear conditions throughout the day.,clear-day,"SUAA,86580099999,SUMU,86550199999,86585099999,86575099999"
Matto Grosso,2021-10-21,25,12.5,18.8,25,12.5,18.8,11.9,65.74,0,,0,,,,,20.9,66.4,1016.1,21.7,12.5,,,0,,2021-10-21T05:54:43,2021-10-21T19:04:46,0.51,Partially cloudy,Partly cloudy throughout the day.,partly-cloudy-day,"SUAA,86580099999,SUMU,86550199999,86585099999,86575099999"
Matto Grosso,2021-10-22,24.2,14.2,18,24.2,14.2,18,12.3,71.2,7,,4.17,,,,,21.8,145.3,1012.3,67.7,11,,,0,,2021-10-22T05:53:32,2021-10-22T19:05:39,0.52,"Rain, Partially cloudy",Partly cloudy throughout the day with late afternoon rain.,rain,"SUAA,86580099999,SUMU,86550199999,86585099999,86575099999"
Matto Grosso,2021-10-23,18.3,14.3,16,18.3,14.3,16,13.4,84.94,5.99,,8.33,,,1,44.6,21.2,166.5,1007.8,86.5,10.7,,,0,,2021-10-23T05:52:21,2021-10-23T19:06:32,0.54,"Rain, Partially cloudy",Partly cloudy throughout the day with rain clearing later.,rain,"SUAA,86580099999,SUMU,86550199999,86585099999,86575099999"
Matto Grosso,2021-10-24,23.1,9.7,17.1,23.1,9.3,17.1,7.1,53.62,3,,8.33,,,,55.2,31.2,260.5,1011.5,10.8,13.1,,,0,,2021-10-24T05:51:12,2021-10-24T19:07:26,0.57,Rain,Clear conditions throughout the day with early morning rain.,rain,"SUAA,86580099999,SUMU,86550199999,86585099999,86575099999"
Matto Grosso,2021-10-25,25.6,15.3,20,25.6,15.3,20,9.4,51.63,0,,0,,,,59.5,33.8,258,1009.8,69.6,12.6,,,0,,2021-10-25T05:50:03,2021-10-25T19:08:20,0.61,Partially cloudy,Partly cloudy throughout the day.,wind,"SUAA,86580099999,SUMU,86550199999,86585099999,86575099999"
Matto Grosso,2021-10-26,30.9,15,22.6,30.1,15,22.3,11.2,51.34,0,,0,,,,,39.6,146.5,1013.4,20.6,11.5,,,0,,2021-10-26T05:48:56,2021-10-26T19:09:15,0.65,Partially cloudy,Partly cloudy throughout the day.,wind,"SUAA,86580099999,SUMU,86550199999,86585099999,86575099999"
Matto Grosso,2021-10-27,32.1,19,25.5,30.7,19,25,13.1,49.13,0,,0,,,,,22.7,213,1018.6,0,12.3,,,0,,2021-10-27T05:47:50,2021-10-27T19:10:10,0.69,Clear,Clear conditions throughout the day.,clear-day,"SUAA,86580099999,SUMU,86550199999,86585099999,86575099999"
Matto Grosso,2021-10-28,33,20.1,25.9,33.3,20.1,26,16.1,56.44,0,,0,,,,,20,55.6,1021.8,4.8,13.7,,,0,,2021-10-28T05:46:45,2021-10-28T19:11:05,0.74,Clear,Clear conditions throughout the day.,clear-day,"SUAA,86580099999,SUMU,86550199999,86585099999,86575099999"
Matto Grosso,2021-10-29,29.3,15.9,22.9,29.1,15.9,23,14.6,60.62,0,,0,,,,,21.6,67.8,1019.2,24.6,13.6,,,0,,2021-10-29T05:45:41,2021-10-29T19:12:01,0.79,Partially cloudy,Partly cloudy throughout the day.,partly-cloudy-day,"SUAA,86580099999,SUMU,86550199999,86585099999,86575099999"
Matto Grosso,2021-10-30,29.8,17,23.1,30.4,17,23.3,16.5,67.96,0,,0,,,,,21.9,52.3,1015.8,13,12.4,,,0,,2021-10-30T05:44:39,2021-10-30T19:12:57,0.84,Clear,Clear conditions throughout the day.,clear-day,"SUAA,86580099999,SUMU,86550199999,86585099999,86575099999"
Matto Grosso,2021-10-31,22.3,16.7,19.1,22.3,16.7,19.1,17.2,88.72,0,,0,,,,,24.2,114,1018.2,89.4,7.3,,,0,,2021-10-31T05:43:37,2021-10-31T19:13:53,0.88,Partially cloudy,Partly cloudy throughout the day.,partly-cloudy-day,"SUAA,86580099999,SUMU,86550199999,86585099999,86575099999"
Matto Grosso,2021-11-01,20.2,16.1,17.9,20.2,16.1,17.9,16.8,93.67,0.2,,4.17,,,,,20.2,128.3,1017.5,99.6,4.4,,,0,,2021-11-01T05:42:37,2021-11-01T19:14:50,0.93,"Rain, Overcast",Cloudy skies throughout the day with afternoon rain.,rain,"SUAA,86580099999,SUMU,86550199999,86585099999,86575099999"
Matto Grosso,2021-11-02,21.9,18.8,20,21.9,18.8,19.9,18.4,90.63,0.57,,8.33,,,0,,17.5,102.2,1014.4,97.9,7.5,,,0,,2021-11-02T05:41:38,2021-11-02T19:15:47,0.96,"Rain, Overcast",Cloudy skies throughout the day with rain.,rain,"SUAA,86580099999,SUMU,86550199999,86585099999,86575099999"
Matto Grosso,2021-11-03,22,18.6,19.8,22,18.6,19.8,18.2,90.72,25.32,,12.5,,,0,,22.3,88.2,1010.4,90.5,11.3,,,0,,2021-11-03T05:40:41,2021-11-03T19:16:44,0.99,"Rain, Overcast",Cloudy skies throughout the day with a chance of rain throughout the day.,rain,"SUAA,86580099999,SUMU,86550199999,86585099999,86575099999"
Matto Grosso,2021-11-04,24.5,18.1,21,24.5,18.1,21,18.2,85.07,0,,0,,,,,33.4,119.7,1010,65.3,10.9,,,0,,2021-11-04T05:39:45,2021-11-04T19:17:42,1,Partially cloudy,Partly cloudy throughout the day.,wind,"SUAA,86580099999,SUMU,86550199999,86585099999,86575099999"
Matto Grosso,2021-11-05,19.5,13.8,16.6,19.5,13.8,16.6,12.3,76.77,0.3,,4.17,,,,53.6,31.3,169.8,1018,94.8,7.2,,,0,,2021-11-05T05:38:50,2021-11-05T19:18:40,0,"Rain, Overcast",Cloudy skies throughout the day with morning rain.,rain,"SUAA,86580099999,SUMU,86550199999,86585099999,86575099999"
Matto Grosso,2021-11-06,17.8,13.7,15.7,17.8,13.7,15.7,9.9,68.48,0,,0,,,,,23.3,128.5,1022.7,74.1,12.3,,,0,,2021-11-06T05:37:57,2021-11-06T19:19:38,0.02,Partially cloudy,Partly cloudy throughout the day.,partly-cloudy-day,"SUAA,86580099999,SUMU,86550199999,86585099999,86575099999"
Matto Grosso,2021-11-07,20.6,10.4,15.8,20.6,10.4,15.8,10.2,71.62,0,,0,,,0,,19.5,90.4,1018.9,35.5,13.8,,,0,,2021-11-07T05:37:05,2021-11-07T19:20:36,0.05,Partially cloudy,Clearing in the afternoon.,partly-cloudy-day,"SUAA,86580099999,SUMU,86550199999,86585099999,86575099999"
Matto Grosso,2021-11-08,25.6,11.7,18.8,25.6,11.7,18.8,12.2,68.33,0.5,,4.17,,,,,13.9,167.9,1016.3,16.8,13,,,0,,2021-11-08T05:36:14,2021-11-08T19:21:35,0.09,Rain,Clear conditions throughout the day with late afternoon rain.,rain,"SUAA,86580099999,SUMU,86550199999,86585099999,86575099999"
Matto Grosso,2021-11-09,20,16.4,18.2,20,16.4,18.2,14,77.21,0,,4.17,,,,,22.6,115.3,1018.9,38.8,12.5,,,0,,2021-11-09T05:35:26,2021-11-09T19:22:33,0.14,Partially cloudy,Partly cloudy throughout the day.,partly-cloudy-day,"SUAA,86580099999,SUMU,86550199999,86585099999,86575099999"
Matto Grosso,2021-11-10,21.1,14.1,17.8,21.1,14.1,17.8,11.6,68.17,0,,0,,,,,24.5,83.3,1021.5,37.6,14.1,,,0,,2021-11-10T05:34:38,2021-11-10T19:23:32,0.19,Partially cloudy,Partly cloudy throughout the day.,partly-cloudy-day,"SUAA,86580099999,SUMU,86550199999,86585099999,86575099999"
Matto Grosso,2021-11-11,22,13,17.8,22,13,17.8,11.1,65.8,0,,0,,,,48.2,26.6,78.8,1023.9,20.9,13.7,,,0,,2021-11-11T05:33:53,2021-11-11T19:24:31,0.25,Partially cloudy,Partly cloudy throughout the day.,partly-cloudy-day,"SUAA,86580099999,SUMU,86550199999,86585099999,86575099999"
Matto Grosso,2021-11-12,22.8,12.9,18.2,22.8,12.9,18.2,10.6,62.25,0,,0,,,,,23.5,74.3,1022.6,33.1,14,,,0,,2021-11-12T05:33:09,2021-11-12T19:25:30,0.3,Partially cloudy,Becoming cloudy in the afternoon.,partly-cloudy-day,"SUAA,86580099999,SUMU,86550199999,86585099999,86575099999"
Matto Grosso,2021-11-13,26.3,13.5,20,26.3,13.5,20,11.5,60.19,0,,0,,,,55.1,33.3,54.7,1014.1,39.3,14,,,0,,2021-11-13T05:32:26,2021-11-13T19:26:29,0.35,Partially cloudy,Partly cloudy throughout the day.,wind,"SUAA,86580099999,SUMU,86550199999,86585099999,86575099999"
Matto Grosso,2021-11-14,24.3,17.3,20.1,24.3,17.3,20.1,14.5,72.78,4.16,,8.33,,,1,,24.8,191.3,1011.1,58.1,11.8,,,0,,2021-11-14T05:31:45,2021-11-14T19:27:29,0.4,"Rain, Partially cloudy",Partly cloudy throughout the day with rain in the morning and afternoon.,rain,"SUAA,86580099999,SUMU,86550199999,86585099999,86575099999"
Matto Grosso,2021-11-15,29.1,13.2,22.1,29.7,13.2,22.2,14.3,62.47,0,,0,,,,,22.4,64.8,1011.3,33.1,12.7,,,0,,2021-11-15T05:31:06,2021-11-15T19:28:28,0.43,Partially cloudy,Partly cloudy throughout the day.,partly-cloudy-day,"SUAA,86580099999,SUMU,86550199999,86585099999,86575099999"
Matto Grosso,2021-11-16,23.5,14.8,18.4,23.5,14.8,18.4,14.8,80.33,14.02,,8.33,,,1,51.9,30.9,161,1013.8,78.5,11.1,,,0,,2021-11-16T05:30:29,2021-11-16T19:29:27,0.46,"Rain, Partially cloudy",Partly cloudy throughout the day with rain clearing later.,rain,"SUAA,86580099999,SUMU,86550199999,86585099999,86575099999"
Matto Grosso,2021-11-17,17.2,11.1,14.5,17.2,11.1,14.5,6.5,59.26,0,,0,,,,,21.3,171.5,1017.5,18,14.3,,,0,,2021-11-17T05:29:53,2021-11-17T19:30:26,0.48,Clear,Clear conditions throughout the day.,clear-day,"SUAA,86580099999,SUMU,86550199999,86585099999,86575099999"
Matto Grosso,2021-11-18,22.4,8.1,16,22.4,8.1,16,7.3,59.78,0,,0,,,,,14.9,126,1014,1.2,13.1,,,0,,2021-11-18T05:29:19,2021-11-18T19:31:25,0.5,Clear,Clear conditions throughout the day.,clear-day,"SUAA,86580099999,SUMU,86550199999,86585099999,86575099999"
Matto Grosso,2021-11-19,26.2,12.5,19,26.2,12.5,19,10.9,61.88,0,,0,,,,,22.7,159.4,1014.2,15.2,12.7,,,0,,2021-11-19T05:28:47,2021-11-19T19:32:24,0.5,Clear,Clear conditions throughout the day.,clear-day,"SUAA,86580099999,SUMU,86550199999,86585099999,86575099999"
Matto Grosso,2021-11-20,26.5,10.9,20.7,26.5,10.9,20.7,12.7,64.91,0,,0,,,,,12.1,167.8,1014.2,13.7,12,,,0,,2021-11-20T05:28:17,2021-11-20T19:33:23,0.51,Clear,Clear conditions throughout the day.,clear-day,"SUAA,86580099999,SUMU,86550199999,86585099999,86575099999"
Matto Grosso,2021-11-21,32.2,18.4,25.7,31.7,18.4,25.5,13.8,49.64,0,,0,,,,46.4,24.6,220,1009.6,16.1,14,,,0,,2021-11-21T05:27:48,2021-11-21T19:34:21,0.52,Clear,Clear conditions throughout the day.,clear-day,"SUAA,86580099999,SUMU,86550199999,86585099999,86575099999"
Matto Grosso,2021-11-22,34.1,18.3,25.9,32.5,18.3,25.5,13,46.79,2,,4.17,,,,70.2,41,279.8,1006.8,51.4,12.8,,,0,,2021-11-22T05:27:21,2021-11-22T19:35:19,0.54,"Rain, Partially cloudy",Partly cloudy throughout the day with late afternoon rain.,rain,"SUAA,86580099999,SUMU,86550199999,86585099999,86575099999"
Matto Grosso,2021-11-23,20.7,15.5,17.8,20.7,15.5,17.8,9.7,59.39,0,,4.17,,,,,23,146.9,1017.1,9.4,13.3,,,0,,2021-11-23T05:26:56,2021-11-23T19:36:17,0.57,Clear,Clear conditions throughout the day.,clear-day,"SUAA,86580099999,SUMU,86550199999,86585099999,86575099999"
Matto Grosso,2021-11-24,32.1,13.8,23.4,30.1,13.8,22.7,8.7,45.07,0,,0,,,,,24.5,75,1011.9,9,12.9,,,0,,2021-11-24T05:26:33,2021-11-24T19:37:15,0.61,Clear,Clear conditions throughout the day.,clear-day,"SUAA,86580099999,SUMU,86550199999,86585099999,86575099999"
Matto Grosso,2021-11-25,23.2,17.2,20.5,23.2,17.2,20.5,12.2,61.98,24.2,,8.33,,,,,21,94.7,1005.3,81.2,9.5,,,0,,2021-11-25T05:26:12,2021-11-25T19:38:12,0.66,"Rain, Partially cloudy",Partly cloudy throughout the day with rain.,rain,"SUAA,86580099999,SUMU,86550199999,86585099999,86575099999"
Matto Grosso,2021-11-26,23.8,18.3,20.9,23.8,18.3,20.9,17.6,81.99,0.09,,4.17,,,1,,22.8,160.8,1009.4,50.2,11.6,,,0,,2021-11-26T05:25:53,2021-11-26T19:39:09,0.7,"Rain, Partially cloudy",Partly cloudy throughout the day with morning rain.,rain,"SUAA,86580099999,SUMU,86550199999,86585099999,86575099999"
Matto Grosso,2021-11-27,24.7,17.4,21.1,24.7,17.4,21.1,17.2,79.2,0,,0,,,,,25,97.4,1011,56,13.7,,,0,,2021-11-27T05:25:36,2021-11-27T19:40:05,0.75,Partially cloudy,Partly cloudy throughout the day.,partly-cloudy-day,"SUAA,86580099999,SUMU,86550199999,86585099999,86575099999"
Matto Grosso,2021-11-28,23.1,18.5,20.1,23.1,18.5,20.1,17.5,85.47,12.3,,8.33,,,,44.4,17.1,93.3,1006,96.1,11,,,0,,2021-11-28T05:25:21,2021-11-28T19:41:01,0.81,"Rain, Overcast",Cloudy skies throughout the day with rain.,rain,"SUAA,86580099999,SUMU,86550199999,86585099999,86575099999"
Matto Grosso,2021-11-29,23.1,17.5,18.9,23.1,17.5,18.9,17,88.96,8.5,,12.5,,,4,64.6,34.9,209,999.5,98.5,6.8,,,0,,2021-11-29T05:25:07,2021-11-29T19:41:56,0.86,"Rain, Overcast",Cloudy skies throughout the day with a chance of rain throughout the day.,rain,"SUAA,86580099999,SUMU,86550199999,86585099999,86575099999"
Matto Grosso,2021-11-30,20.9,16.8,18.6,20.9,16.8,18.5,13.9,74.69,0,,0,,,0,46.4,29.3,188.8,1009.2,59.2,11.3,,,0,,2021-11-30T05:24:56,2021-11-30T19:42:50,0.91,Partially cloudy,Partly cloudy throughout the day.,partly-cloudy-day,"SUAA,86580099999,SUMU,86550199999,86585099999,86575099999"
Matto Grosso,2021-12-01,21.1,14.6,18.6,21.1,14.6,18.6,12.4,68.17,0,,0,,,,,20.5,98,1015.3,58.5,12.4,,,0,,2021-12-01T05:24:46,2021-12-01T19:43:44,0.95,Partially cloudy,Partly cloudy throughout the day.,partly-cloudy-day,"SUAA,86580099999,SUMU,86550199999,86585099999,86575099999"
Matto Grosso,2021-12-02,23,12.6,18.5,23,12.6,18.5,12.5,68.89,0,,0,,,,,22.6,77.8,1017.2,14.1,14.2,,,0,,2021-12-02T05:24:39,2021-12-02T19:44:37,0.98,Clear,Clear conditions throughout the day.,clear-day,"SUAA,86580099999,SUMU,86550199999,86585099999,86575099999"
Matto Grosso,2021-12-03,24.4,14.7,19.6,24.4,14.7,19.6,13.9,70.82,0,,0,,,0,,23.2,73,1016.8,49.8,13,,,0,,2021-12-03T05:24:33,2021-12-03T19:45:29,1,Partially cloudy,Partly cloudy throughout the day.,partly-cloudy-day,"SUAA,86580099999,SUMU,86550199999,86585099999,86575099999"
Matto Grosso,2021-12-04,23.9,17.5,20.4,23.9,17.5,20.4,15.1,72.18,0,,0,,,,,20.7,108.4,1019.3,73,12.8,,,0,,2021-12-04T05:24:29,2021-12-04T19:46:21,0,Partially cloudy,Partly cloudy throughout the day.,partly-cloudy-day,"SUAA,86580099999,SUMU,86550199999,86585099999,86575099999"
Matto Grosso,2021-12-05,21.2,17.7,19.7,21.2,17.7,19.7,15.9,79,0,,4.17,,,,,22.3,106.5,1020.2,71.8,12.2,,,0,,2021-12-05T05:24:28,2021-12-05T19:47:11,0.01,Partially cloudy,Partly cloudy throughout the day.,partly-cloudy-day,"SUAA,86580099999,SUMU,86550199999,86585099999,86575099999"
Matto Grosso,2021-12-06,24.5,16.4,20.6,24.5,16.4,20.6,16.3,77.66,0,,0,,,0,,24.6,111,1021.6,37.7,14.1,,,0,,2021-12-06T05:24:28,2021-12-06T19:48:01,0.04,Partially cloudy,Partly cloudy throughout the day.,partly-cloudy-day,"SUAA,86580099999,SUMU,86550199999,86585099999,86575099999"
Matto Grosso,2021-12-07,25.7,16.3,21.1,25.7,16.3,21.1,15.1,70.03,0,,0,,,,,25.5,67.4,1021.4,16.3,13.2,,,0,,2021-12-07T05:24:30,2021-12-07T19:48:49,0.07,Clear,Clear conditions throughout the day.,clear-day,"SUAA,86580099999,SUMU,86550199999,86585099999,86575099999"
Matto Grosso,2021-12-08,26,15.1,21,26,15.1,21,14.6,68.05,0,,0,,,,44.6,25.7,70.4,1019.8,30.8,12.6,,,0,,2021-12-08T05:24:35,2021-12-08T19:49:37,0.12,Partially cloudy,Partly cloudy throughout the day.,partly-cloudy-day,"SUAA,86580099999,SUMU,86550199999,86585099999,86575099999"
Matto Grosso,2021-12-09,25.5,16,20.5,25.5,16,20.5,14.9,71.34,0,,0,,,,,26.1,70.3,1018.8,66.6,13.2,,,0,,2021-12-09T05:24:41,2021-12-09T19:50:24,0.17,Partially cloudy,Partly cloudy throughout the day.,partly-cloudy-day,"SUAA,86580099999,SUMU,86550199999,86585099999,86575099999"
Matto Grosso,2021-12-10,24.5,16.8,20.1,24.5,16.8,20.1,14.7,71.88,0,,0,,,,,23.9,80,1014.3,75.8,13.3,,,0,,2021-12-10T05:24:49,2021-12-10T19:51:09,0.22,Partially cloudy,Partly cloudy throughout the day.,partly-cloudy-day,"SUAA,86580099999,SUMU,86550199999,86585099999,86575099999"
Matto Grosso,2021-12-11,25.8,15.9,21.2,25.8,15.9,21.2,14.7,67.57,0,,0,,,,,74.8,86.8,1007.6,36.8,12.6,,,0,,2021-12-11T05:24:59,2021-12-11T19:51:53,0.27,Partially cloudy,Partly cloudy throughout the day.,wind,"SUAA,86580099999,SUMU,86550199999,86585099999,86575099999"
Matto Grosso,2021-12-12,30,18.3,23.4,30.9,18.3,23.6,17.1,69.05,0,,0,,,,,27.4,97.5,1004.8,60.4,12.4,,,0,,2021-12-12T05:25:11,2021-12-12T19:52:36,0.32,Partially cloudy,Partly cloudy throughout the day.,partly-cloudy-day,"SUAA,86580099999,SUMU,86550199999,86585099999,86575099999"
Matto Grosso,2021-12-13,24.9,20.3,22.4,24.9,20.3,22.4,15.3,66.67,0,,4.17,,,,,25,156.5,1011.7,89.6,12.5,,,0,,2021-12-13T05:25:25,2021-12-13T19:53:18,0.37,Partially cloudy,Partly cloudy throughout the day.,partly-cloudy-day,"SUAA,86580099999,SUMU,86550199999,86585099999,86575099999"
Matto Grosso,2021-12-14,24.9,18.6,21.5,24.9,18.6,21.5,15.8,71.19,0,,0,,,,,33.9,111.1,1015.2,36.4,12.3,,,0,,2021-12-14T05:25:41,2021-12-14T19:53:58,0.41,Partially cloudy,Partly cloudy throughout the day.,wind,"SUAA,86580099999,SUMU,86550199999,86585099999,86575099999"
Matto Grosso,2021-12-15,24,19.4,21.4,24,19.4,21.4,18,81.91,0.43,,8.33,,,0,,16.5,128.7,1014.3,63.9,12.4,,,0,,2021-12-15T05:25:58,2021-12-15T19:54:37,0.44,"Rain, Partially cloudy",Partly cloudy throughout the day with rain clearing later.,rain,"SUAA,86580099999,SUMU,86550199999,86585099999,86575099999"
Matto Grosso,2021-12-16,22.9,18.7,20.5,22.9,18.7,20.5,16.4,78.12,0.1,,4.17,,,,,26,121.9,1016,73.3,12.9,,,0,,2021-12-16T05:26:18,2021-12-16T19:55:15,0.47,"Rain, Partially cloudy",Partly cloudy throughout the day with morning rain.,rain,"SUAA,86580099999,SUMU,86550199999,86585099999,86575099999"
Matto Grosso,2021-12-17,24.9,15.4,21,24.9,15.4,21,15.6,72.83,0,,0,,,,,24.5,97.6,1019.1,24.6,12.4,,,0,,2021-12-17T05:26:39,2021-12-17T19:55:51,0.49,Partially cloudy,Partly cloudy throughout the day.,partly-cloudy-day,"SUAA,86580099999,SUMU,86550199999,86585099999,86575099999"
Matto Grosso,2021-12-18,26.5,16.3,22,26.5,16.3,22,15.3,66.88,0,,0,,,,,70.7,77.3,1018.3,7.4,13,,,0,,2021-12-18T05:27:02,2021-12-18T19:56:26,0.5,Clear,Clear conditions throughout the day.,wind,"SUAA,86580099999,SUMU,86550199999,86585099999,86575099999"
Matto Grosso,2021-12-19,29.7,16.7,22.9,29.5,16.7,23,15.8,66.35,0,,0,,,,,31,82.8,1013.7,22.5,13.6,,,0,,2021-12-19T05:27:27,2021-12-19T19:56:59,0.5,Partially cloudy,Partly cloudy throughout the day.,wind,"SUAA,86580099999,SUMU,86550199999,86585099999,86575099999"
Matto Grosso,2021-12-20,27.6,19.2,23.3,28.1,19.2,23.4,18.4,75.84,0,,0,,,,42.5,25.5,117.5,1012.2,34.6,13,,,0,,2021-12-20T05:27:54,2021-12-20T19:57:31,0.51,Partially cloudy,Partly cloudy throughout the day.,partly-cloudy-day,"SUAA,86580099999,SUMU,86550199999,86585099999,86575099999"
Matto Grosso,2021-12-21,27.8,19.1,22.3,27.8,19.1,22.3,17.3,75.3,0,,0,,,,,21.6,92.8,1010.2,68.9,12.2,,,0,,2021-12-21T05:28:22,2021-12-21T19:58:01,0.53,Partially cloudy,Partly cloudy throughout the day.,partly-cloudy-day,"SUAA,86580099999,SUMU,86550199999,86585099999,86575099999"
Matto Grosso,2021-12-22,25.7,18.9,22.3,25.7,18.9,22.3,16.5,71.86,0,,0,,,,,18.3,116.1,1013.7,25.9,14.3,,,0,,2021-12-22T05:28:52,2021-12-22T19:58:30,0.55,Partially cloudy,Partly cloudy throughout the day.,partly-cloudy-day,"SUAA,86580099999,SUMU,86550199999,86585099999,86575099999"
Matto Grosso,2021-12-23,26.6,17.4,22.3,26.6,17.4,22.3,16.6,71.49,0,,0,,,,,18.4,107.5,1016.7,16.6,13.8,,,0,,2021-12-23T05:29:24,2021-12-23T19:58:56,0.59,Clear,Clear conditions throughout the day.,clear-day,"SUAA,86580099999,SUMU,86550199999,86585099999,86575099999"
Matto Grosso,2021-12-24,32.1,17.6,24.7,32.3,17.6,24.9,16.7,63.74,0,,0,,,,,21.3,92.4,1011.6,22.8,13.2,,,0,,2021-12-24T05:29:58,2021-12-24T19:59:21,0.63,Partially cloudy,Partly cloudy throughout the day.,partly-cloudy-day,"SUAA,86580099999,SUMU,86550199999,86585099999,86575099999"
Matto Grosso,2021-12-25,26.4,20.1,23.8,26.4,20.1,23.8,17.2,67.22,0.2,,4.17,,,,44.6,24.2,163.2,1009.4,63.2,12.1,,,0,,2021-12-25T05:30:33,2021-12-25T19:59:45,0.67,"Rain, Partially cloudy",Partly cloudy throughout the day with early morning rain.,rain,"SUAA,86580099999,SUMU,86550199999,86585099999,86575099999"
Matto Grosso,2021-12-26,29.9,16.2,23.2,28.5,16.2,23,14.4,62.06,0,,0,,,,,14.9,172.3,1011.9,12.5,13.5,,,0,,2021-12-26T05:31:09,2021-12-26T20:00:06,0.72,Clear,Clear conditions throughout the day.,clear-day,"SUAA,86580099999,SUMU,86550199999,86585099999,86575099999"
Matto Grosso,2021-12-27,25.7,18.9,22.3,25.7,18.9,22.3,14.1,61.09,0,,0,,,,,14.5,124.4,1010.7,17.9,13.7,,,0,,2021-12-27T05:31:47,2021-12-27T20:00:26,0.78,Clear,Clear conditions throughout the day.,clear-day,"SUAA,86580099999,SUMU,86550199999,86585099999,86575099999"
Matto Grosso,2021-12-28,33.1,16.3,24.7,33.4,16.3,24.6,15,58.11,0,,0,,,,,24,96.2,1011.9,29.9,12.2,,,0,,2021-12-28T05:32:27,2021-12-28T20:00:44,0.83,Partially cloudy,Partly cloudy throughout the day.,partly-cloudy-day,"SUAA,86580099999,SUMU,86550199999,86585099999,86575099999"
Matto Grosso,2021-12-29,36,21.3,28.3,34.7,21.3,27.6,12.6,41.66,0,,0,,,,,27.3,44.5,1012.1,60.4,13.3,,,0,,2021-12-29T05:33:08,2021-12-29T20:01:01,0.88,Partially cloudy,Partly cloudy throughout the day.,partly-cloudy-day,"SUAA,86580099999,SUMU,86550199999,86585099999,86575099999"
Matto Grosso,2021-12-30,34.3,20.3,26.2,33,20.3,26.2,16.2,56.66,0,,0,,,,66.6,29.8,100.2,1009.3,25.8,14.1,,,0,,2021-12-30T05:33:50,2021-12-30T20:01:15,0.93,Partially cloudy,Partly cloudy throughout the day.,partly-cloudy-day,"SUAA,86580099999,SUMU,86550199999,86585099999,86575099999"
Matto Grosso,2021-12-31,30.5,20.4,26,32.7,20.4,26.6,19.3,67.96,0,,0,,,,,18.9,98.3,1007.2,21.2,12.4,,,0,,2021-12-31T05:34:34,2021-12-31T20:01:28,0.97,Partially cloudy,Partly cloudy throughout the day.,partly-cloudy-day,"SUAA,86580099999,SUMU,86550199999,86585099999,86575099999"
Matto Grosso,2022-01-01,27.2,20.4,22.8,27.9,20.4,22.8,18.2,76.17,2.42,,12.5,,,0,51.8,32.1,94.6,1004.7,68,12.4,,,0,,2022-01-01T05:35:18,2022-01-01T20:01:38,0.99,"Rain, Partially cloudy",Partly cloudy throughout the day with rain.,rain,"SUAA,86580099999,SUMU,86550199999,86585099999,86575099999"
Matto Grosso,2022-01-02,31.7,18.4,25.1,31.9,18.4,25.4,17.9,67.22,0,,0,,,0,,15.8,117.3,1005.3,48.6,13.5,,,0,,2022-01-02T05:36:05,2022-01-02T20:01:47,1,Partially cloudy,Clearing in the afternoon.,partly-cloudy-day,"SUAA,86580099999,SUMU,86550199999,86585099999,86575099999"
Matto Grosso,2022-01-03,33,22.8,27.4,35.2,22.8,28.3,19.4,63.17,0,,0,,,,,21.4,127.7,1007.5,62.3,13.8,,,0,,2022-01-03T05:36:52,2022-01-03T20:01:54,0,Partially cloudy,Partly cloudy throughout the day.,partly-cloudy-day,"SUAA,86580099999,SUMU,86550199999,86585099999,86575099999"
Matto Grosso,2022-01-04,32.8,21.6,25.6,34.3,21.6,26.1,18.6,66.01,0.06,,4.17,,,,68.4,40.2,156.4,1005.6,70,11.5,,,0,,2022-01-04T05:37:41,2022-01-04T20:01:59,0.02,"Rain, Partially cloudy",Partly cloudy throughout the day with afternoon rain.,rain,"SUAA,86580099999,SUMU,86550199999,86585099999,86575099999"
Matto Grosso,2022-01-05,23.6,19.1,20.9,23.6,19.1,20.9,10.9,53.11,0,,0,,,2,,26.7,138,1015,48.2,12.4,,,0,,2022-01-05T05:38:30,2022-01-05T20:02:02,0.05,Partially cloudy,Partly cloudy throughout the day.,partly-cloudy-day,"SUAA,86580099999,SUMU,86550199999,86585099999,86575099999"
Matto Grosso,2022-01-06,25.5,14.2,20.8,25.5,14.2,20.8,13.7,65.44,0,,0,,,,,22.7,88.2,1017.2,5.3,14.1,,,0,,2022-01-06T05:39:21,2022-01-06T20:02:03,0.09,Clear,Clear conditions throughout the day.,clear-day,"SUAA,86580099999,SUMU,86550199999,86585099999,86575099999"
Matto Grosso,2022-01-07,27.6,15.6,22.1,28,15.6,22.2,15.3,66.68,0,,0,,,,,27,63.1,1017.1,46.5,13.4,,,0,,2022-01-07T05:40:13,2022-01-07T20:02:02,0.14,Partially cloudy,Partly cloudy throughout the day.,partly-cloudy-day,"SUAA,86580099999,SUMU,86550199999,86585099999,86575099999"
Matto Grosso,2022-01-08,28.1,18,23.3,28.4,18,23.5,16.2,65.32,0,,0,,,0,,24.4,80.7,1016.9,20.5,13,,,0,,2022-01-08T05:41:05,2022-01-08T20:02:00,0.19,Partially cloudy,Partly cloudy throughout the day.,partly-cloudy-day,"SUAA,86580099999,SUMU,86550199999,86585099999,86575099999"
Matto Grosso,2022-01-09,31.8,18.1,25.1,31.2,18.1,25,15,56.48,0,,0,,,,,29.7,52,1015.8,6.7,13.6,,,0,,2022-01-09T05:41:59,2022-01-09T20:01:55,0.24,Clear,Clear conditions throughout the day.,clear-day,"SUAA,86580099999,SUMU,86550199999,86585099999,86575099999"
Matto Grosso,2022-01-10,32,19.6,25.8,31.8,19.6,25.8,16.1,57.9,0,0,,,0,0,32.8,24.4,59.8,1012.9,15,14.7,637.3,27.4,0,10,2022-01-10T05:42:54,2022-01-10T20:01:49,0.28,Clear,Clear conditions throughout the day.,clear-day,"SUAA,86580099999,SUMU,86550199999,86585099999,86575099999"
Matto Grosso,2022-01-11,37.7,20.8,28.5,36.9,20.8,28.4,16.2,52.1,0,0,,,0,0,51.5,26.3,180.8,1009.5,8.7,13.6,388.2,27.8,0,10,2022-01-11T05:43:49,2022-01-11T20:01:40,0.33,Clear,Clear conditions throughout the day.,clear-day,"SUAA,86580099999,SUMU,86550199999,86585099999,86575099999"
Matto Grosso,2022-01-12,28.4,21.6,24.3,28.7,21.6,24.4,16.6,63.3,0,0,,,0,0,49.7,21.6,122.4,1014.2,0.7,11.6,393.1,28.3,0,10,2022-01-12T05:44:45,2022-01-12T20:01:30,0.38,Clear,Clear conditions throughout the day.,clear-day,"SUAA,86580099999,SUMU,86550199999,86585099999,86575099999"
Matto Grosso,2022-01-13,33.4,17,25.3,33.5,17,25.4,16.5,62.2,0,0,,,0,0,48.6,22.3,56,1013.9,0.5,12.6,402.1,28.9,0,10,2022-01-13T05:45:42,2022-01-13T20:01:17,0.41,Clear,Clear conditions throughout the day.,clear-day,"SUAA,86580099999,SUMU,86550199999,86585099999,86575099999"
Matto Grosso,2022-01-14,40.5,21.8,31.1,40.2,21.8,31.3,16.8,48.3,0,0,,,0,0,49.3,25.3,122.4,1010.5,2.6,12.7,388.1,27.8,0,10,2022-01-14T05:46:39,2022-01-14T20:01:03,0.45,Clear,Clear conditions throughout the day.,clear-day,"SUAA,86580099999,SUMU,86550199999,86585099999,86575099999"
Matto Grosso,2022-01-15,38.8,23.6,29.7,42.6,23.6,31,19.4,56.6,35.9,100,,rain,0,0,57.6,20.7,146.9,1007.8,56.1,11.4,182.9,13.2,0,10,2022-01-15T05:47:37,2022-01-15T20:00:47,0.47,"Rain, Partially cloudy",Partly cloudy throughout the day with rain.,rain,"SUAA,86580099999,SUMU,86550199999,86585099999,86575099999"
Matto Grosso,2022-01-16,30.1,21.1,25.5,33.7,21.1,26.5,21.8,81.2,45.11,100,,rain,0,0.4,49.7,24.7,187.2,1003.6,75.4,10.2,280.9,20.1,0,30,2022-01-16T05:48:36,2022-01-16T20:00:29,0.49,"Rain, Partially cloudy",Partly cloudy throughout the day with storms possible.,rain,"SUAA,86580099999,SUMU,86550199999,86585099999,86575099999"
Matto Grosso,2022-01-17,26.2,20,23.4,26.2,20,23.4,20.4,84,106.84,100,,rain,0,0.6,59.4,38.2,108.3,1007.9,93.4,8.3,89.8,6.4,0,10,2022-01-17T05:49:35,2022-01-17T20:00:09,0.5,"Rain, Overcast",Cloudy skies throughout the day with a chance of rain throughout the day.,rain,"SUAA,86580099999,SUMU,86550199999,86585099999,86575099999"
Matto Grosso,2022-01-18,23.1,21,22.1,23.1,21,22.1,19.7,86.8,9.39,100,,rain,0,0,51.8,27.4,104.3,1015.7,99.3,6.8,75.9,5.5,0,10,2022-01-18T05:50:34,2022-01-18T19:59:48,0.5,"Rain, Overcast",Cloudy skies throughout the day with rain.,rain,"SUAA,86580099999,SUMU,86550199999,86585099999,86575099999"
Matto Grosso,2022-01-19,23.6,21.1,22,23.6,21.1,22,20.3,90.5,25.28,100,,rain,0,0.1,55.4,24.4,104.3,1016.2,99.9,7.4,121.5,8.8,0,10,2022-01-19T05:51:34,2022-01-19T19:59:24,0.52,"Rain, Overcast",Cloudy skies throughout the day with a chance of rain throughout the day.,rain,"SUAA,86580099999,SUMU,86550199999,86585099999,86575099999"
Matto Grosso,2022-01-20,28.8,22,24.4,33.7,22,25.2,22.6,89.8,0.01,100,,rain,0,0,41,20.7,101.2,1014.5,95,6.1,317.3,22.8,0,30,2022-01-20T05:52:35,2022-01-20T19:58:59,0.53,"Rain, Overcast",Cloudy skies throughout the day with storms possible.,rain,"SUAA,86580099999,SUMU,86550199999,86585099999,86575099999"
Matto Grosso,2022-01-21,30.8,23.6,26.4,35,23.6,27.9,22.9,82.1,0,0,,rain,0,0,46.8,28.9,110.4,1009.4,88.8,10.4,264,18.9,0,30,2022-01-21T05:53:35,2022-01-21T19:58:31,0.56,Partially cloudy,Partly cloudy throughout the day with storms possible.,partly-cloudy-day,"SUAA,86580099999,SUMU,86550199999,86585099999,86575099999"
Matto Grosso,2022-01-22,30.7,22.8,25.2,35.1,22.8,25.9,22,83.4,7.11,100,,rain,0,0,50.4,23.8,155.6,1007.6,85.8,11.1,344.3,24.7,0,30,2022-01-22T05:54:36,2022-01-22T19:58:02,0.6,"Rain, Partially cloudy",Partly cloudy throughout the day with storms possible.,rain,"SUAA,86580099999,SUMU,86550199999,86585099999,86575099999"
Matto Grosso,2022-01-23,27.6,22.2,24.4,29.8,22.2,24.7,21.9,86.3,8.08,100,,rain,0,0,43.2,15.6,173.6,1009.6,93.5,10.6,206.3,14.8,0,10,2022-01-23T05:55:38,2022-01-23T19:57:32,0.65,"Rain, Overcast",Cloudy skies throughout the day with rain clearing later.,rain,"SUAA,86580099999,SUMU,86550199999,86585099999,86575099999"
Matto Grosso,2022-01-24,30,21.4,25.2,34.3,21.4,26.1,22.2,83.8,0,0,,rain,0,0,33.5,20,97.4,1011.3,64.3,12.2,311.7,22.2,0,10,2022-01-24T05:56:39,2022-01-24T19:56:59,0.7,Partially cloudy,Partly cloudy throughout the day.,partly-cloudy-day,"SUAA,86580099999,SUMU,86550199999,86585099999,86575099999"
Matto Grosso,2022-01-25,32,23.7,26.5,38.1,23.7,28.3,23.5,83.7,2,100,,rain,0,0,40.7,15.6,92.4,1009.3,80.6,11.9,273.6,20.7,0,60,2022-01-25T05:57:41,2022-01-25T19:56:25,0.75,"Rain, Partially cloudy",Partly cloudy throughout the day with storms possible.,rain,"SUAA,86580099999,SUMU,86550199999,86585099999,86575099999"
Matto Grosso,2022-01-26,26.4,19.2,23.5,26.4,19.2,23.5,21.1,86.8,9.2,100,,rain,0,0,55.4,30.6,170.5,1009.8,95.1,8.3,122.3,9.4,0,10,2022-01-26T05:58:43,2022-01-26T19:55:49,0.81,"Rain, Overcast",Cloudy skies throughout the day with rain.,rain,"SUAA,86580099999,SUMU,86550199999,86585099999,86575099999"
Matto Grosso,2022-01-27,20.4,17.8,18.9,20.4,17.8,18.9,10.9,59.7,0.01,100,,rain,0,0,41,31.4,158,1019.2,80.4,11.8,376.8,27.1,0,10,2022-01-27T05:59:45,2022-01-27T19:55:11,0.86,"Rain, Partially cloudy",Partly cloudy throughout the day with morning rain.,rain,"SUAA,86580099999,SUMU,86550199999,86585099999,86575099999"
Matto Grosso,2022-01-28,23.7,13.6,19.6,23.7,13.6,19.6,14.1,71.4,0,0,,,0,0,31.3,19.7,121.7,1017.3,27.7,13.3,374.4,26.9,0,10,2022-01-28T06:00:46,2022-01-28T19:54:32,0.91,Partially cloudy,Partly cloudy throughout the day.,partly-cloudy-day,"SUAA,86580099999,SUMU,86550199999,86585099999,86575099999"
Matto Grosso,2022-01-29,27.8,16.5,22.4,27.8,16.5,22.4,15.9,68.7,0,0,,,0,0,37.4,16.8,53.6,1014.5,22.7,13.8,369.8,26.5,0,10,2022-01-29T06:01:48,2022-01-29T19:53:51,0.95,Partially cloudy,Partly cloudy throughout the day.,partly-cloudy-day,"SUAA,86580099999,SUMU,86550199999,86585099999,86575099999"
Matto Grosso,2022-01-30,28.3,18.2,23.6,28.6,18.2,23.7,16,64.2,0,0,,,0,0,42.1,23.1,116.6,1010.4,14.1,13.9,371.5,26.6,0,10,2022-01-30T06:02:50,2022-01-30T19:53:08,0.98,Clear,Clear conditions throughout the day.,clear-day,"SUAA,86580099999,SUMU,86550199999,86585099999,86575099999"
Matto Grosso,2022-01-31,22.9,18.8,21.1,22.9,18.8,21.1,12.5,58.9,0.99,100,,rain,0,0,48.2,25.5,157.6,1010.7,46.7,12.8,306,22,0,10,2022-01-31T06:03:52,2022-01-31T19:52:24,1,"Rain, Partially cloudy",Partly cloudy throughout the day with morning rain.,rain,"SUAA,86580099999,SUMU,86550199999,86585099999,86575099999"
Matto Grosso,2022-02-01,25.6,13.9,20.1,25.6,13.9,20.1,11.7,60.2,0,0,,,0,0,19.4,20.8,120.7,1013,5.3,14,373.3,26.8,0,10,2022-02-01T06:04:54,2022-02-01T19:51:39,0,Clear,Clear conditions throughout the day.,clear-day,"SUAA,86580099999,SUMU,86550199999,86585099999,86575099999"
Matto Grosso,2022-02-02,31.3,16.9,23.8,31.2,16.9,23.8,16.5,66.4,0,0,,,0,0,34.2,16.2,76.5,1011.7,31.7,13.3,369,26.4,0,10,2022-02-02T06:05:56,2022-02-02T19:50:51,0.01,Partially cloudy,Partly cloudy throughout the day.,partly-cloudy-day,"SUAA,86580099999,SUMU,86550199999,86585099999,86575099999"
Matto Grosso,2022-02-03,24.9,21.1,22.7,24.9,21.1,22.7,20.2,86.4,4.02,100,,rain,0,0,42.5,22.1,126.1,1010.1,89.7,9.8,190.9,13.8,0,10,2022-02-03T06:06:57,2022-02-03T19:50:03,0.03,"Rain, Partially cloudy",Partly cloudy throughout the day with rain.,rain,"SUAA,86580099999,SUMU,86550199999,86585099999,86575099999"
Matto Grosso,2022-02-04,25.2,21.3,23.1,25.2,21.3,23.1,20.3,84.4,0.01,100,,rain,0,0,33.5,21.4,143.1,1007.6,73.8,11.4,191.6,13.6,0,10,2022-02-04T06:07:59,2022-02-04T19:49:12,0.07,"Rain, Partially cloudy",Partly cloudy throughout the day with morning rain.,rain,"SUAA,86580099999,SUMU,86550199999,86585099999,86575099999"
Matto Grosso,2022-02-05,23.8,18.2,20.3,23.8,18.2,20.3,17.8,85.7,10.51,100,,rain,0,0,51.8,26.1,189.8,1006.9,84.5,10,247.5,17.8,0,10,2022-02-05T06:09:00,2022-02-05T19:48:21,0.11,"Rain, Partially cloudy",Partly cloudy throughout the day with rain.,rain,"SUAA,86580099999,SUMU,86550199999,86585099999,86575099999"
Matto Grosso,2022-02-06,20,16.6,18.5,20,16.6,18.5,13.6,73.5,3.36,100,,rain,0,0.1,51.8,26,234.2,1012.3,84.7,11.5,287.1,20.8,0,10,2022-02-06T06:10:01,2022-02-06T19:47:28,0.15,"Rain, Partially cloudy",Partly cloudy throughout the day with rain.,rain,"SUAA,86580099999,SUMU,86550199999,86585099999,86575099999"
Matto Grosso,2022-02-07,22,17.9,20.1,22,17.9,20.1,13.3,65.1,6.04,100,,rain,0,0,38.2,25.4,179.8,1016.6,72.5,12.1,336.7,24.2,0,10,2022-02-07T06:11:02,2022-02-07T19:46:33,0.2,"Rain, Partially cloudy",Partly cloudy throughout the day with rain clearing later.,rain,"SUAA,86580099999,SUMU,86550199999,86585099999,86575099999"
Matto Grosso,2022-02-08,23.5,17.6,20.5,23.5,17.6,20.5,13.9,66.3,0,0,,rain,0,0,21.2,15.3,153,1017.6,48,12.7,294.1,21,0,10,2022-02-08T06:12:03,2022-02-08T19:45:37,0.25,Partially cloudy,Partly cloudy throughout the day.,partly-cloudy-day,"SUAA,86580099999,SUMU,86550199999,86585099999,86575099999"
Matto Grosso,2022-02-09,24.9,13.4,20,24.9,13.4,20,15,75,0,0,,,0,0,36.4,22.2,162.8,1015.6,12.4,13.4,358.7,25.8,0,10,2022-02-09T06:13:03,2022-02-09T19:44:40,0.29,Clear,Clear conditions throughout the day.,clear-day,"SUAA,86580099999,SUMU,86550199999,86585099999,86575099999"
Matto Grosso,2022-02-10,28.2,17.3,22.9,28.3,17.3,22.9,15.1,63.9,0,0,,,0,0,45.4,23.3,42.7,1011.9,8.8,12.2,355.8,25.6,0,10,2022-02-10T06:14:03,2022-02-10T19:43:42,0.34,Clear,Clear conditions throughout the day.,clear-day,"SUAA,86580099999,SUMU,86550199999,86585099999,86575099999"
Matto Grosso,2022-02-11,28,19,23,28.7,19,23.2,18.4,76.4,0,0,,rain,0,0,46.4,28.9,110.3,1012.7,56.6,11.3,297.3,21.3,0,10,2022-02-11T06:15:03,2022-02-11T19:42:42,0.38,Partially cloudy,Partly cloudy throughout the day.,partly-cloudy-day,"SUAA,86580099999,SUMU,86550199999,86575099999,86585099999"
Matto Grosso,2022-02-12,19.5,17.2,18.1,19.5,17.2,18.1,15.6,85.6,26.33,100,,rain,0,0.1,48.2,28.9,175.8,1016.2,97.4,7.1,59.3,4.3,0,10,2022-02-12T06:16:03,2022-02-12T19:41:41,0.42,"Rain, Overcast",Cloudy skies throughout the day with a chance of rain throughout the day.,rain,"SUAA,86580099999,SUMU,86550199999,86585099999,86575099999"
Matto Grosso,2022-02-13,21.9,15.5,18.6,21.9,15.5,18.6,11,61.4,0,0,,rain,0,0,48.2,27.4,244.3,1012.8,45.3,13,353.1,25.3,0,10,2022-02-13T06:17:02,2022-02-13T19:40:39,0.45,Partially cloudy,Becoming cloudy in the afternoon.,partly-cloudy-day,"SUAA,86580099999,SUMU,86550199999,86585099999,86575099999"
Matto Grosso,2022-02-14,27.9,14.9,21.7,27.6,14.9,21.7,14.4,65.6,0,0,,,0,0,46.1,21.6,227,1011,0.4,13.7,348.9,25.2,0,10,2022-02-14T06:18:01,2022-02-14T19:39:36,0.48,Clear,Clear conditions throughout the day.,clear-day,"SUAA,86580099999,SUMU,86550199999,86585099999,86575099999"
Matto Grosso,2022-02-15,30.8,17,24.2,30.3,17,24.1,14.8,57.8,0,0,,,0,0,22.7,16.6,174.2,1013.3,0.5,13.5,346.5,25,0,10,2022-02-15T06:18:59,2022-02-15T19:38:32,0.49,Clear,Clear conditions throughout the day.,clear-day,"SUAA,86580099999,SUMU,86550199999,86585099999,86575099999"
Matto Grosso,2022-02-16,32.8,19,25.9,33.7,19,26.3,17.3,61,0,0,,,0,0,38.2,22.2,146.4,1013.3,21.7,12.8,342,24.6,0,15,2022-02-16T06:19:58,2022-02-16T19:37:26,0.5,Partially cloudy,Partly cloudy throughout the day.,partly-cloudy-day,"SUAA,86580099999,SUMU,86550199999,86585099999,86575099999"
Matto Grosso,2022-02-17,24,18.7,20.8,24,18.7,20.8,16.1,74.7,0,0,,,0,0,46.4,28.6,145.1,1015.9,76.3,11.5,322.4,23.2,0,15,2022-02-17T06:20:55,2022-02-17T19:36:20,0.51,Partially cloudy,Partly cloudy throughout the day.,partly-cloudy-day,"SUAA,86580099999,SUMU,86550199999,86585099999,86575099999"
Matto Grosso,2022-02-18,25.1,17.6,21.6,25.1,17.6,21.6,15.6,69.4,0,0,,,0,0,41.8,23.4,99.9,1014.1,30.5,12.6,342.3,24.5,0,10,2022-02-18T06:21:53,2022-02-18T19:35:12,0.52,Partially cloudy,Partly cloudy throughout the day.,partly-cloudy-day,"SUAA,86580099999,SUMU,86550199999,86585099999,86575099999"
Matto Grosso,2022-02-19,26.7,18.1,22.2,27.6,18.1,22.2,17.5,75.7,0,0,,,0,0,40,24.4,81.5,1010.3,38.7,13.5,278.5,20,0,10,2022-02-19T06:22:50,2022-02-19T19:34:03,0.54,Partially cloudy,Partly cloudy throughout the day.,partly-cloudy-day,"SUAA,86580099999,SUMU,86550199999,86585099999,86575099999"
Matto Grosso,2022-02-20,26.3,19,22.2,26.3,19,22.2,19,82.8,19,100,,rain,0,0,44.3,18.2,99.9,1007.3,86.1,10.3,182.5,13.1,0,10,2022-02-20T06:23:47,2022-02-20T19:32:54,0.58,"Rain, Partially cloudy",Partly cloudy throughout the day with late afternoon rain.,rain,"SUAA,86580099999,SUMU,86550199999,86585099999,86575099999"
Matto Grosso,2022-02-21,22.9,20,21.3,22.9,20,21.3,18.3,83.4,10.34,100,,rain,0,0.2,35.3,25.6,193.4,1012.4,75.5,12,279.9,20,0,10,2022-02-21T06:24:43,2022-02-21T19:31:43,0.62,"Rain, Partially cloudy",Partly cloudy throughout the day with rain clearing later.,rain,"SUAA,86580099999,SUMU,86550199999,86585099999,86575099999"
Matto Grosso,2022-02-22,23.9,20.1,21.8,23.9,20.1,21.8,18,79.2,0,0,,rain,0,0,29.9,22.4,190.5,1017.3,64,12.9,291.5,20.9,0,10,2022-02-22T06:25:39,2022-02-22T19:30:32,0.67,Partially cloudy,Partly cloudy throughout the day.,partly-cloudy-day,"SUAA,86580099999,SUMU,86550199999,86585099999,86575099999"
